Municipality,Year,Value
Arcos de Valdevez,2008,
Caminha,2008,
Melgaço,2008,
Monção,2008,
Paredes de Coura,2008,
Ponte da Barca,2008,
Ponte de Lima,2008,
Valença,2008,
Viana do Castelo,2008,
Vila Nova de Cerveira,2008,
Amares,2008,
Barcelos,2008,
Braga,2008,
Esposende,2008,
Terras de Bouro,2008,
Vila Verde,2008,
Cabeceiras de Basto,2008,
Fafe,2008,
Guimarães,2008,
Mondim de Basto,2008,
Póvoa de Lanhoso,2008,
Vieira do Minho,2008,
Vila Nova de Famalicão,2008,
Vizela,2008,
Arouca,2008,
Espinho,2008,
Gondomar,2008,
Maia,2008,
Matosinhos,2008,
Oliveira de Azeméis,2008,
Paredes,2008,
Porto,2008,
Póvoa de Varzim,2008,
Santa Maria da Feira,2008,
Santo Tirso,2008,
São João da Madeira,2008,
Trofa,2008,
Vale de Cambra,2008,
Valongo,2008,
Vila do Conde,2008,
Vila Nova de Gaia,2008,
Boticas,2008,
Chaves,2008,
Montalegre,2008,
Ribeira de Pena,2008,
Valpaços,2008,
Vila Pouca de Aguiar,2008,
Amarante,2008,
Baião,2008,
Castelo de Paiva,2008,
Celorico de Basto,2008,
Cinfães,2008,
Felgueiras,2008,
Lousada,2008,
Marco de Canaveses,2008,
Paços de Ferreira,2008,
Penafiel,2008,
Resende,2008,
Alijó,2008,
Armamar,2008,
Carrazeda de Ansiães,2008,
Freixo de Espada à Cinta,2008,
Lamego,2008,
Mesão Frio,2008,
Moimenta da Beira,2008,
Murça,2008,
Penedono,2008,
Peso da Régua,2008,
Sabrosa,2008,
Santa Marta de Penaguião,2008,
São João da Pesqueira,2008,
Sernancelhe,2008,
Tabuaço,2008,
Tarouca,2008,
Torre de Moncorvo,2008,
Vila Nova de Foz Côa,2008,
Vila Real,2008,
Alfândega da Fé,2008,
Bragança,2008,
Macedo de Cavaleiros,2008,
Miranda do Douro,2008,
Mirandela,2008,
Mogadouro,2008,
Vila Flor,2008,
Vimioso,2008,
Vinhais,2008,
Alcobaça,2008,
Alenquer,2008,
Arruda dos Vinhos,2008,
Bombarral,2008,
Cadaval,2008,
Caldas da Rainha,2008,
Lourinhã,2008,
Nazaré,2008,
Óbidos,2008,
Peniche,2008,
Sobral de Monte Agraço,2008,
Torres Vedras,2008,
Águeda,2008,
Albergaria-a-Velha,2008,
Anadia,2008,
Aveiro,2008,
Estarreja,2008,
Ílhavo,2008,
Murtosa,2008,
Oliveira do Bairro,2008,
Ovar,2008,
Sever do Vouga,2008,
Vagos,2008,
Arganil,2008,
Cantanhede,2008,
Coimbra,2008,
Condeixa-a-Nova,2008,
Figueira da Foz,2008,
Góis,2008,
Lousã,2008,
Mealhada,2008,
Mira,2008,
Miranda do Corvo,2008,
Montemor-o-Velho,2008,
Mortágua,2008,
Oliveira do Hospital,2008,
Pampilhosa da Serra,2008,
Penacova,2008,
Penela,2008,
Soure,2008,
Tábua,2008,
Vila Nova de Poiares,2008,
Alvaiázere,2008,
Ansião,2008,
Batalha,2008,
Castanheira de Pêra,2008,
Figueiró dos Vinhos,2008,
Leiria,2008,
Marinha Grande,2008,
Pedrógão Grande,2008,
Pombal,2008,
Porto de Mós,2008,
Aguiar da Beira,2008,
Carregal do Sal,2008,
Castro Daire,2008,
Mangualde,2008,
Nelas,2008,
Oliveira de Frades,2008,
Penalva do Castelo,2008,
Santa Comba Dão,2008,
São Pedro do Sul,2008,
Sátão,2008,
Tondela,2008,
Vila Nova de Paiva,2008,
Viseu,2008,
Vouzela,2008,
Castelo Branco,2008,
Idanha-a-Nova,2008,
Oleiros,2008,
Penamacor,2008,
Proença-a-Nova,2008,
Vila Velha de Ródão,2008,
Abrantes,2008,
Alcanena,2008,
Constância,2008,
Entroncamento,2008,
Ferreira do Zêzere,2008,
Mação,2008,
Ourém,2008,
Sardoal,2008,
Sertã,2008,
Tomar,2008,
Torres Novas,2008,
Vila de Rei,2008,
Vila Nova da Barquinha,2008,
Almeida,2008,
Belmonte,2008,
Celorico da Beira,2008,
Covilhã,2008,
Figueira de Castelo Rodrigo,2008,
Fornos de Algodres,2008,
Fundão,2008,
Gouveia,2008,
Guarda,2008,
Manteigas,2008,
Mêda,2008,
Pinhel,2008,
Sabugal,2008,
Seia,2008,
Trancoso,2008,
Alcochete,2008,
Almada,2008,
Amadora,2008,
Barreiro,2008,
Cascais,2008,
Lisboa,2008,
Loures,2008,
Mafra,2008,
Moita,2008,
Montijo,2008,
Odivelas,2008,
Oeiras,2008,
Palmela,2008,
Seixal,2008,
Sesimbra,2008,
Setúbal,2008,
Sintra,2008,
Vila Franca de Xira,2008,
Alcácer do Sal,2008,
Grândola,2008,
Odemira,2008,
Santiago do Cacém,2008,
Sines,2008,
Aljustrel,2008,
Almodôvar,2008,
Alvito,2008,
Barrancos,2008,
Beja,2008,
Castro Verde,2008,
Cuba,2008,
Ferreira do Alentejo,2008,
Mértola,2008,
Moura,2008,
Ourique,2008,
Serpa,2008,
Vidigueira,2008,
Almeirim,2008,
Alpiarça,2008,
Azambuja,2008,
Benavente,2008,
Cartaxo,2008,
Chamusca,2008,
Coruche,2008,
Golegã,2008,
Rio Maior,2008,
Salvaterra de Magos,2008,
Santarém,2008,
Alter do Chão,2008,
Arronches,2008,
Avis,2008,
Campo Maior,2008,
Castelo de Vide,2008,
Crato,2008,
Elvas,2008,
Fronteira,2008,
Gavião,2008,
Marvão,2008,
Monforte,2008,
Nisa,2008,
Ponte de Sor,2008,
Portalegre,2008,
Sousel,2008,
Alandroal,2008,
Arraiolos,2008,
Borba,2008,
Estremoz,2008,
Évora,2008,
Montemor-o-Novo,2008,
Mora,2008,
Mourão,2008,
Portel,2008,
Redondo,2008,
Reguengos de Monsaraz,2008,
Vendas Novas,2008,
Viana do Alentejo,2008,
Vila Viçosa,2008,
Albufeira,2008,
Alcoutim,2008,
Aljezur,2008,
Castro Marim,2008,
Faro,2008,
Lagoa,2008,
Lagos,2008,
Loulé,2008,
Monchique,2008,
Olhão,2008,
Portimão,2008,
São Brás de Alportel,2008,
Silves,2008,
Tavira,2008,
Vila do Bispo,2008,
Vila Real de Santo António,2008,
Vila do Porto,2008,
Lagoa [R.A.A.],2008,
Nordeste,2008,
Ponta Delgada,2008,
Povoação,2008,
Ribeira Grande,2008,
Vila Franca do Campo,2008,
Angra do Heroísmo,2008,
Vila da Praia da Vitória,2008,
Santa Cruz da Graciosa,2008,
Calheta [R.A.A.],2008,
Velas,2008,
Lajes do Pico,2008,
Madalena,2008,
São Roque do Pico,2008,
Horta,2008,
Lajes das Flores,2008,
Santa Cruz das Flores,2008,
Corvo,2008,
Calheta [R.A.M.],2008,
Câmara de Lobos,2008,
Funchal,2008,
Machico,2008,
Ponta do Sol,2008,
Porto Moniz,2008,
Ribeira Brava,2008,
Santa Cruz,2008,
Santana,2008,
São Vicente,2008,
Porto Santo,2008,
Arcos de Valdevez,2009,55.6
Caminha,2009,57.1
Melgaço,2009,51.9
Monção,2009,48.0
Paredes de Coura,2009,34.9
Ponte da Barca,2009,52.5
Ponte de Lima,2009,31.6
Valença,2009,130.0
Viana do Castelo,2009,60.1
Vila Nova de Cerveira,2009,28.0
Amares,2009,33.7
Barcelos,2009,39.8
Braga,2009,53.1
Esposende,2009,37.7
Terras de Bouro,2009,37.0
Vila Verde,2009,29.7
Cabeceiras de Basto,2009,32.1
Fafe,2009,54.9
Guimarães,2009,58.0
Mondim de Basto,2009,43.2
Póvoa de Lanhoso,2009,22.2
Vieira do Minho,2009,40.7
Vila Nova de Famalicão,2009,61.4
Vizela,2009,50.0
Arouca,2009,30.6
Espinho,2009,41.8
Gondomar,2009,100.6
Maia,2009,86.4
Matosinhos,2009,92.1
Oliveira de Azeméis,2009,83.7
Paredes,2009,56.4
Porto,2009,59.0
Póvoa de Varzim,2009,68.2
Santa Maria da Feira,2009,85.1
Santo Tirso,2009,61.4
São João da Madeira,2009,51.1
Trofa,2009,54.6
Vale de Cambra,2009,71.7
Valongo,2009,81.0
Vila do Conde,2009,68.2
Vila Nova de Gaia,2009,94.7
Boticas,2009,12.1
Chaves,2009,73.2
Montalegre,2009,33.3
Ribeira de Pena,2009,26.7
Valpaços,2009,80.0
Vila Pouca de Aguiar,2009,46.3
Amarante,2009,52.3
Baião,2009,50.7
Castelo de Paiva,2009,46.3
Celorico de Basto,2009,30.1
Cinfães,2009,45.0
Felgueiras,2009,50.2
Lousada,2009,63.6
Marco de Canaveses,2009,61.4
Paços de Ferreira,2009,53.9
Penafiel,2009,63.9
Resende,2009,48.8
Alijó,2009,31.4
Armamar,2009,75.0
Carrazeda de Ansiães,2009,36.4
Freixo de Espada à Cinta,2009,16.7
Lamego,2009,46.8
Mesão Frio,2009,35.5
Moimenta da Beira,2009,23.1
Murça,2009,63.6
Penedono,2009,20.0
Peso da Régua,2009,84.9
Sabrosa,2009,66.7
Santa Marta de Penaguião,2009,78.9
São João da Pesqueira,2009,66.7
Sernancelhe,2009,29.2
Tabuaço,2009,77.8
Tarouca,2009,69.4
Torre de Moncorvo,2009,250.0
Vila Nova de Foz Côa,2009,81.3
Vila Real,2009,56.9
Alfândega da Fé,2009,20.0
Bragança,2009,58.0
Macedo de Cavaleiros,2009,60.0
Miranda do Douro,2009,35.0
Mirandela,2009,54.3
Mogadouro,2009,19.1
Vila Flor,2009,57.7
Vimioso,2009,40.0
Vinhais,2009,87.5
Alcobaça,2009,101.4
Alenquer,2009,55.2
Arruda dos Vinhos,2009,88.6
Bombarral,2009,96.4
Cadaval,2009,30.0
Caldas da Rainha,2009,96.8
Lourinhã,2009,84.0
Nazaré,2009,47.4
Óbidos,2009,111.6
Peniche,2009,72.4
Sobral de Monte Agraço,2009,24.3
Torres Vedras,2009,73.0
Águeda,2009,74.1
Albergaria-a-Velha,2009,69.1
Anadia,2009,60.4
Aveiro,2009,72.1
Estarreja,2009,62.9
Ílhavo,2009,135.7
Murtosa,2009,45.9
Oliveira do Bairro,2009,88.9
Ovar,2009,74.6
Sever do Vouga,2009,65.0
Vagos,2009,53.3
Arganil,2009,65.5
Cantanhede,2009,62.1
Coimbra,2009,62.5
Condeixa-a-Nova,2009,105.8
Figueira da Foz,2009,75.4
Góis,2009,62.5
Lousã,2009,66.7
Mealhada,2009,63.6
Mira,2009,78.4
Miranda do Corvo,2009,114.8
Montemor-o-Velho,2009,63.3
Mortágua,2009,26.7
Oliveira do Hospital,2009,56.3
Pampilhosa da Serra,2009,85.7
Penacova,2009,58.1
Penela,2009,50.0
Soure,2009,86.4
Tábua,2009,65.7
Vila Nova de Poiares,2009,109.5
Alvaiázere,2009,66.7
Ansião,2009,53.7
Batalha,2009,36.9
Castanheira de Pêra,2009,50.0
Figueiró dos Vinhos,2009,50.0
Leiria,2009,70.5
Marinha Grande,2009,102.3
Pedrógão Grande,2009,80.0
Pombal,2009,79.5
Porto de Mós,2009,100.0
Aguiar da Beira,2009,32.1
Carregal do Sal,2009,50.0
Castro Daire,2009,53.8
Mangualde,2009,38.3
Nelas,2009,42.6
Oliveira de Frades,2009,48.8
Penalva do Castelo,2009,33.3
Santa Comba Dão,2009,52.8
São Pedro do Sul,2009,68.5
Sátão,2009,35.3
Tondela,2009,42.9
Vila Nova de Paiva,2009,37.5
Viseu,2009,55.8
Vouzela,2009,80.8
Castelo Branco,2009,68.3
Idanha-a-Nova,2009,64.3
Oleiros,2009,50.0
Penamacor,2009,50.0
Proença-a-Nova,2009,35.5
Vila Velha de Ródão,2009,33.3
Abrantes,2009,74.8
Alcanena,2009,102.7
Constância,2009,62.5
Entroncamento,2009,83.5
Ferreira do Zêzere,2009,55.6
Mação,2009,125.0
Ourém,2009,47.6
Sardoal,2009,53.8
Sertã,2009,50.8
Tomar,2009,60.3
Torres Novas,2009,84.9
Vila de Rei,2009,25.0
Vila Nova da Barquinha,2009,50.0
Almeida,2009,60.0
Belmonte,2009,57.7
Celorico da Beira,2009,80.0
Covilhã,2009,70.6
Figueira de Castelo Rodrigo,2009,10.0
Fornos de Algodres,2009,40.0
Fundão,2009,55.3
Gouveia,2009,63.6
Guarda,2009,47.3
Manteigas,2009,27.3
Mêda,2009,31.3
Pinhel,2009,78.3
Sabugal,2009,46.7
Seia,2009,40.2
Trancoso,2009,20.0
Alcochete,2009,71.9
Almada,2009,79.7
Amadora,2009,83.3
Barreiro,2009,67.5
Cascais,2009,90.1
Lisboa,2009,47.5
Loures,2009,65.1
Mafra,2009,71.9
Moita,2009,94.3
Montijo,2009,101.1
Odivelas,2009,
Oeiras,2009,94.0
Palmela,2009,68.7
Seixal,2009,101.3
Sesimbra,2009,82.7
Setúbal,2009,79.5
Sintra,2009,108.8
Vila Franca de Xira,2009,119.1
Alcácer do Sal,2009,50.0
Grândola,2009,83.3
Odemira,2009,66.1
Santiago do Cacém,2009,62.4
Sines,2009,85.1
Aljustrel,2009,52.8
Almodôvar,2009,46.7
Alvito,2009,100.0
Barrancos,2009,50.0
Beja,2009,69.0
Castro Verde,2009,33.3
Cuba,2009,43.8
Ferreira do Alentejo,2009,91.3
Mértola,2009,10.0
Moura,2009,58.5
Ourique,2009,53.3
Serpa,2009,100.0
Vidigueira,2009,122.2
Almeirim,2009,85.5
Alpiarça,2009,117.6
Azambuja,2009,74.4
Benavente,2009,80.4
Cartaxo,2009,80.0
Chamusca,2009,176.9
Coruche,2009,76.1
Golegã,2009,37.5
Rio Maior,2009,57.8
Salvaterra de Magos,2009,95.7
Santarém,2009,92.9
Alter do Chão,2009,22.2
Arronches,2009,114.3
Avis,2009,91.7
Campo Maior,2009,63.2
Castelo de Vide,2009,69.2
Crato,2009,37.5
Elvas,2009,91.8
Fronteira,2009,27.3
Gavião,2009,30.0
Marvão,2009,100.0
Monforte,2009,41.7
Nisa,2009,72.2
Ponte de Sor,2009,102.8
Portalegre,2009,100.0
Sousel,2009,116.7
Alandroal,2009,76.9
Arraiolos,2009,84.6
Borba,2009,56.5
Estremoz,2009,78.0
Évora,2009,66.2
Montemor-o-Novo,2009,64.2
Mora,2009,68.8
Mourão,2009,300.0
Portel,2009,91.7
Redondo,2009,93.8
Reguengos de Monsaraz,2009,79.4
Vendas Novas,2009,75.6
Viana do Alentejo,2009,140.0
Vila Viçosa,2009,79.3
Albufeira,2009,55.6
Alcoutim,2009,8.3
Aljezur,2009,87.5
Castro Marim,2009,51.7
Faro,2009,57.1
Lagoa,2009,96.8
Lagos,2009,46.2
Loulé,2009,88.6
Monchique,2009,25.0
Olhão,2009,107.7
Portimão,2009,114.6
São Brás de Alportel,2009,59.6
Silves,2009,78.8
Tavira,2009,70.1
Vila do Bispo,2009,76.5
Vila Real de Santo António,2009,98.0
Vila do Porto,2009,73.3
Lagoa [R.A.A.],2009,83.3
Nordeste,2009,89.5
Ponta Delgada,2009,57.5
Povoação,2009,96.7
Ribeira Grande,2009,43.5
Vila Franca do Campo,2009,58.1
Angra do Heroísmo,2009,66.8
Vila da Praia da Vitória,2009,63.7
Santa Cruz da Graciosa,2009,86.7
Calheta [R.A.A.],2009,23.5
Velas,2009,25.0
Lajes do Pico,2009,47.4
Madalena,2009,45.5
São Roque do Pico,2009,125.0
Horta,2009,79.3
Lajes das Flores,2009,57.1
Santa Cruz das Flores,2009,160.0
Corvo,2009,0.0
Calheta [R.A.M.],2009,91.7
Câmara de Lobos,2009,70.6
Funchal,2009,53.1
Machico,2009,39.8
Ponta do Sol,2009,71.1
Porto Moniz,2009,26.3
Ribeira Brava,2009,36.0
Santa Cruz,2009,172.5
Santana,2009,36.7
São Vicente,2009,72.7
Porto Santo,2009,57.1
Arcos de Valdevez,2010,55.6
Caminha,2010,57.1
Melgaço,2010,51.9
Monção,2010,48.0
Paredes de Coura,2010,34.9
Ponte da Barca,2010,52.5
Ponte de Lima,2010,31.6
Valença,2010,130.0
Viana do Castelo,2010,60.1
Vila Nova de Cerveira,2010,28.0
Amares,2010,33.7
Barcelos,2010,39.8
Braga,2010,53.1
Esposende,2010,37.7
Terras de Bouro,2010,37.0
Vila Verde,2010,29.7
Cabeceiras de Basto,2010,32.1
Fafe,2010,54.9
Guimarães,2010,58.0
Mondim de Basto,2010,43.2
Póvoa de Lanhoso,2010,22.2
Vieira do Minho,2010,40.7
Vila Nova de Famalicão,2010,61.4
Vizela,2010,50.0
Arouca,2010,30.6
Espinho,2010,41.8
Gondomar,2010,100.6
Maia,2010,86.4
Matosinhos,2010,92.1
Oliveira de Azeméis,2010,83.7
Paredes,2010,56.4
Porto,2010,59.0
Póvoa de Varzim,2010,68.2
Santa Maria da Feira,2010,85.1
Santo Tirso,2010,61.4
São João da Madeira,2010,51.1
Trofa,2010,54.6
Vale de Cambra,2010,71.7
Valongo,2010,81.0
Vila do Conde,2010,68.2
Vila Nova de Gaia,2010,94.7
Boticas,2010,12.1
Chaves,2010,73.2
Montalegre,2010,33.3
Ribeira de Pena,2010,26.7
Valpaços,2010,80.0
Vila Pouca de Aguiar,2010,46.3
Amarante,2010,52.3
Baião,2010,50.7
Castelo de Paiva,2010,46.3
Celorico de Basto,2010,30.1
Cinfães,2010,45.0
Felgueiras,2010,50.2
Lousada,2010,63.6
Marco de Canaveses,2010,61.4
Paços de Ferreira,2010,53.9
Penafiel,2010,63.9
Resende,2010,48.8
Alijó,2010,31.4
Armamar,2010,75.0
Carrazeda de Ansiães,2010,36.4
Freixo de Espada à Cinta,2010,16.7
Lamego,2010,46.8
Mesão Frio,2010,35.5
Moimenta da Beira,2010,23.1
Murça,2010,63.6
Penedono,2010,20.0
Peso da Régua,2010,84.9
Sabrosa,2010,66.7
Santa Marta de Penaguião,2010,78.9
São João da Pesqueira,2010,66.7
Sernancelhe,2010,29.2
Tabuaço,2010,77.8
Tarouca,2010,69.4
Torre de Moncorvo,2010,250.0
Vila Nova de Foz Côa,2010,81.3
Vila Real,2010,56.9
Alfândega da Fé,2010,20.0
Bragança,2010,58.0
Macedo de Cavaleiros,2010,60.0
Miranda do Douro,2010,35.0
Mirandela,2010,54.3
Mogadouro,2010,19.1
Vila Flor,2010,57.7
Vimioso,2010,40.0
Vinhais,2010,87.5
Alcobaça,2010,101.4
Alenquer,2010,55.2
Arruda dos Vinhos,2010,88.6
Bombarral,2010,96.4
Cadaval,2010,30.0
Caldas da Rainha,2010,96.8
Lourinhã,2010,84.0
Nazaré,2010,47.4
Óbidos,2010,111.6
Peniche,2010,72.4
Sobral de Monte Agraço,2010,24.3
Torres Vedras,2010,73.0
Águeda,2010,74.1
Albergaria-a-Velha,2010,69.1
Anadia,2010,60.4
Aveiro,2010,72.1
Estarreja,2010,62.9
Ílhavo,2010,135.7
Murtosa,2010,45.9
Oliveira do Bairro,2010,88.9
Ovar,2010,74.6
Sever do Vouga,2010,65.0
Vagos,2010,53.3
Arganil,2010,65.5
Cantanhede,2010,62.1
Coimbra,2010,62.5
Condeixa-a-Nova,2010,105.8
Figueira da Foz,2010,75.4
Góis,2010,62.5
Lousã,2010,66.7
Mealhada,2010,63.6
Mira,2010,78.4
Miranda do Corvo,2010,114.8
Montemor-o-Velho,2010,63.3
Mortágua,2010,26.7
Oliveira do Hospital,2010,56.3
Pampilhosa da Serra,2010,85.7
Penacova,2010,58.1
Penela,2010,50.0
Soure,2010,86.4
Tábua,2010,65.7
Vila Nova de Poiares,2010,109.5
Alvaiázere,2010,66.7
Ansião,2010,53.7
Batalha,2010,36.9
Castanheira de Pêra,2010,50.0
Figueiró dos Vinhos,2010,50.0
Leiria,2010,70.5
Marinha Grande,2010,102.3
Pedrógão Grande,2010,80.0
Pombal,2010,79.5
Porto de Mós,2010,100.0
Aguiar da Beira,2010,32.1
Carregal do Sal,2010,50.0
Castro Daire,2010,53.8
Mangualde,2010,38.3
Nelas,2010,42.6
Oliveira de Frades,2010,48.8
Penalva do Castelo,2010,33.3
Santa Comba Dão,2010,52.8
São Pedro do Sul,2010,68.5
Sátão,2010,35.3
Tondela,2010,42.9
Vila Nova de Paiva,2010,37.5
Viseu,2010,55.8
Vouzela,2010,80.8
Castelo Branco,2010,68.3
Idanha-a-Nova,2010,64.3
Oleiros,2010,50.0
Penamacor,2010,50.0
Proença-a-Nova,2010,35.5
Vila Velha de Ródão,2010,33.3
Abrantes,2010,74.8
Alcanena,2010,102.7
Constância,2010,62.5
Entroncamento,2010,83.5
Ferreira do Zêzere,2010,55.6
Mação,2010,125.0
Ourém,2010,47.6
Sardoal,2010,53.8
Sertã,2010,50.8
Tomar,2010,60.3
Torres Novas,2010,84.9
Vila de Rei,2010,25.0
Vila Nova da Barquinha,2010,50.0
Almeida,2010,60.0
Belmonte,2010,57.7
Celorico da Beira,2010,80.0
Covilhã,2010,70.6
Figueira de Castelo Rodrigo,2010,10.0
Fornos de Algodres,2010,40.0
Fundão,2010,55.3
Gouveia,2010,63.6
Guarda,2010,47.3
Manteigas,2010,27.3
Mêda,2010,31.3
Pinhel,2010,78.3
Sabugal,2010,46.7
Seia,2010,40.2
Trancoso,2010,20.0
Alcochete,2010,71.9
Almada,2010,79.7
Amadora,2010,83.3
Barreiro,2010,67.5
Cascais,2010,90.1
Lisboa,2010,47.5
Loures,2010,65.1
Mafra,2010,71.9
Moita,2010,94.3
Montijo,2010,101.1
Odivelas,2010,
Oeiras,2010,94.0
Palmela,2010,68.7
Seixal,2010,101.3
Sesimbra,2010,82.7
Setúbal,2010,79.5
Sintra,2010,108.8
Vila Franca de Xira,2010,119.1
Alcácer do Sal,2010,50.0
Grândola,2010,83.3
Odemira,2010,66.1
Santiago do Cacém,2010,62.4
Sines,2010,85.1
Aljustrel,2010,52.8
Almodôvar,2010,46.7
Alvito,2010,100.0
Barrancos,2010,50.0
Beja,2010,69.0
Castro Verde,2010,33.3
Cuba,2010,43.8
Ferreira do Alentejo,2010,91.3
Mértola,2010,10.0
Moura,2010,58.5
Ourique,2010,53.3
Serpa,2010,100.0
Vidigueira,2010,122.2
Almeirim,2010,85.5
Alpiarça,2010,117.6
Azambuja,2010,74.4
Benavente,2010,80.4
Cartaxo,2010,80.0
Chamusca,2010,176.9
Coruche,2010,76.1
Golegã,2010,37.5
Rio Maior,2010,57.8
Salvaterra de Magos,2010,95.7
Santarém,2010,92.9
Alter do Chão,2010,22.2
Arronches,2010,114.3
Avis,2010,91.7
Campo Maior,2010,63.2
Castelo de Vide,2010,69.2
Crato,2010,37.5
Elvas,2010,91.8
Fronteira,2010,27.3
Gavião,2010,30.0
Marvão,2010,100.0
Monforte,2010,41.7
Nisa,2010,72.2
Ponte de Sor,2010,102.8
Portalegre,2010,100.0
Sousel,2010,116.7
Alandroal,2010,76.9
Arraiolos,2010,84.6
Borba,2010,56.5
Estremoz,2010,78.0
Évora,2010,66.2
Montemor-o-Novo,2010,64.2
Mora,2010,68.8
Mourão,2010,300.0
Portel,2010,91.7
Redondo,2010,93.8
Reguengos de Monsaraz,2010,79.4
Vendas Novas,2010,75.6
Viana do Alentejo,2010,140.0
Vila Viçosa,2010,79.3
Albufeira,2010,55.6
Alcoutim,2010,8.3
Aljezur,2010,87.5
Castro Marim,2010,51.7
Faro,2010,57.1
Lagoa,2010,96.8
Lagos,2010,46.2
Loulé,2010,88.6
Monchique,2010,25.0
Olhão,2010,107.7
Portimão,2010,114.6
São Brás de Alportel,2010,59.6
Silves,2010,78.8
Tavira,2010,70.1
Vila do Bispo,2010,76.5
Vila Real de Santo António,2010,98.0
Vila do Porto,2010,73.3
Lagoa [R.A.A.],2010,83.3
Nordeste,2010,89.5
Ponta Delgada,2010,57.5
Povoação,2010,96.7
Ribeira Grande,2010,43.5
Vila Franca do Campo,2010,58.1
Angra do Heroísmo,2010,66.8
Vila da Praia da Vitória,2010,63.7
Santa Cruz da Graciosa,2010,86.7
Calheta [R.A.A.],2010,23.5
Velas,2010,25.0
Lajes do Pico,2010,47.4
Madalena,2010,45.5
São Roque do Pico,2010,125.0
Horta,2010,79.3
Lajes das Flores,2010,57.1
Santa Cruz das Flores,2010,160.0
Corvo,2010,0.0
Calheta [R.A.M.],2010,91.7
Câmara de Lobos,2010,70.6
Funchal,2010,53.1
Machico,2010,39.8
Ponta do Sol,2010,71.1
Porto Moniz,2010,26.3
Ribeira Brava,2010,36.0
Santa Cruz,2010,172.5
Santana,2010,36.7
São Vicente,2010,72.7
Porto Santo,2010,57.1
Arcos de Valdevez,2011,80.0
Caminha,2011,55.0
Melgaço,2011,53.8
Monção,2011,66.0
Paredes de Coura,2011,46.4
Ponte da Barca,2011,40.4
Ponte de Lima,2011,49.0
Valença,2011,64.9
Viana do Castelo,2011,54.0
Vila Nova de Cerveira,2011,34.8
Amares,2011,25.8
Barcelos,2011,48.7
Braga,2011,65.1
Esposende,2011,38.0
Terras de Bouro,2011,83.3
Vila Verde,2011,46.4
Cabeceiras de Basto,2011,35.4
Fafe,2011,46.7
Guimarães,2011,59.5
Mondim de Basto,2011,9.5
Póvoa de Lanhoso,2011,29.5
Vieira do Minho,2011,38.9
Vila Nova de Famalicão,2011,67.1
Vizela,2011,53.1
Arouca,2011,37.4
Espinho,2011,44.9
Gondomar,2011,130.7
Maia,2011,98.9
Matosinhos,2011,99.1
Oliveira de Azeméis,2011,78.1
Paredes,2011,56.8
Porto,2011,72.8
Póvoa de Varzim,2011,62.7
Santa Maria da Feira,2011,101.0
Santo Tirso,2011,72.2
São João da Madeira,2011,58.7
Trofa,2011,49.7
Vale de Cambra,2011,67.0
Valongo,2011,102.5
Vila do Conde,2011,61.5
Vila Nova de Gaia,2011,98.8
Boticas,2011,33.3
Chaves,2011,79.6
Montalegre,2011,45.2
Ribeira de Pena,2011,41.4
Valpaços,2011,55.4
Vila Pouca de Aguiar,2011,42.4
Amarante,2011,42.1
Baião,2011,64.3
Castelo de Paiva,2011,45.2
Celorico de Basto,2011,51.3
Cinfães,2011,77.6
Felgueiras,2011,56.8
Lousada,2011,62.6
Marco de Canaveses,2011,56.9
Paços de Ferreira,2011,65.1
Penafiel,2011,55.7
Resende,2011,40.6
Alijó,2011,94.1
Armamar,2011,52.6
Carrazeda de Ansiães,2011,70.0
Freixo de Espada à Cinta,2011,100.0
Lamego,2011,45.4
Mesão Frio,2011,71.4
Moimenta da Beira,2011,50.0
Murça,2011,29.6
Penedono,2011,18.8
Peso da Régua,2011,63.9
Sabrosa,2011,108.3
Santa Marta de Penaguião,2011,70.8
São João da Pesqueira,2011,43.8
Sernancelhe,2011,50.0
Tabuaço,2011,47.6
Tarouca,2011,41.0
Torre de Moncorvo,2011,143.8
Vila Nova de Foz Côa,2011,40.0
Vila Real,2011,50.9
Alfândega da Fé,2011,110.0
Bragança,2011,63.9
Macedo de Cavaleiros,2011,44.1
Miranda do Douro,2011,38.1
Mirandela,2011,58.3
Mogadouro,2011,56.0
Vila Flor,2011,36.0
Vimioso,2011,46.7
Vinhais,2011,109.1
Alcobaça,2011,132.2
Alenquer,2011,43.9
Arruda dos Vinhos,2011,60.9
Bombarral,2011,76.7
Cadaval,2011,87.2
Caldas da Rainha,2011,89.4
Lourinhã,2011,63.3
Nazaré,2011,44.7
Óbidos,2011,55.6
Peniche,2011,61.6
Sobral de Monte Agraço,2011,41.0
Torres Vedras,2011,84.6
Águeda,2011,88.4
Albergaria-a-Velha,2011,64.2
Anadia,2011,79.3
Aveiro,2011,67.2
Estarreja,2011,90.1
Ílhavo,2011,118.2
Murtosa,2011,55.9
Oliveira do Bairro,2011,78.0
Ovar,2011,83.2
Sever do Vouga,2011,85.7
Vagos,2011,67.0
Arganil,2011,67.9
Cantanhede,2011,77.0
Coimbra,2011,84.8
Condeixa-a-Nova,2011,80.0
Figueira da Foz,2011,77.0
Góis,2011,100.0
Lousã,2011,112.0
Mealhada,2011,95.2
Mira,2011,58.6
Miranda do Corvo,2011,72.5
Montemor-o-Velho,2011,67.4
Mortágua,2011,62.1
Oliveira do Hospital,2011,183.9
Pampilhosa da Serra,2011,100.0
Penacova,2011,41.5
Penela,2011,177.8
Soure,2011,102.4
Tábua,2011,59.4
Vila Nova de Poiares,2011,94.7
Alvaiázere,2011,75.0
Ansião,2011,51.4
Batalha,2011,60.0
Castanheira de Pêra,2011,80.0
Figueiró dos Vinhos,2011,42.9
Leiria,2011,80.6
Marinha Grande,2011,99.1
Pedrógão Grande,2011,63.6
Pombal,2011,71.8
Porto de Mós,2011,117.0
Aguiar da Beira,2011,17.4
Carregal do Sal,2011,55.2
Castro Daire,2011,69.4
Mangualde,2011,53.5
Nelas,2011,47.2
Oliveira de Frades,2011,40.5
Penalva do Castelo,2011,14.9
Santa Comba Dão,2011,45.8
São Pedro do Sul,2011,81.6
Sátão,2011,41.0
Tondela,2011,48.7
Vila Nova de Paiva,2011,68.4
Viseu,2011,52.5
Vouzela,2011,54.3
Castelo Branco,2011,83.2
Idanha-a-Nova,2011,70.8
Oleiros,2011,75.0
Penamacor,2011,200.0
Proença-a-Nova,2011,22.2
Vila Velha de Ródão,2011,200.0
Abrantes,2011,87.9
Alcanena,2011,95.3
Constância,2011,44.4
Entroncamento,2011,86.8
Ferreira do Zêzere,2011,66.7
Mação,2011,100.0
Ourém,2011,50.5
Sardoal,2011,61.5
Sertã,2011,67.3
Tomar,2011,67.3
Torres Novas,2011,101.1
Vila de Rei,2011,6.7
Vila Nova da Barquinha,2011,70.4
Almeida,2011,170.0
Belmonte,2011,71.4
Celorico da Beira,2011,58.6
Covilhã,2011,94.4
Figueira de Castelo Rodrigo,2011,47.1
Fornos de Algodres,2011,33.3
Fundão,2011,66.0
Gouveia,2011,69.8
Guarda,2011,60.2
Manteigas,2011,44.4
Mêda,2011,43.5
Pinhel,2011,87.5
Sabugal,2011,50.0
Seia,2011,60.9
Trancoso,2011,64.7
Alcochete,2011,73.6
Almada,2011,74.4
Amadora,2011,96.3
Barreiro,2011,71.4
Cascais,2011,110.3
Lisboa,2011,47.2
Loures,2011,69.2
Mafra,2011,70.5
Moita,2011,79.7
Montijo,2011,92.9
Odivelas,2011,
Oeiras,2011,89.4
Palmela,2011,67.1
Seixal,2011,86.2
Sesimbra,2011,78.1
Setúbal,2011,92.4
Sintra,2011,111.3
Vila Franca de Xira,2011,132.5
Alcácer do Sal,2011,69.7
Grândola,2011,64.2
Odemira,2011,92.5
Santiago do Cacém,2011,78.7
Sines,2011,53.2
Aljustrel,2011,68.4
Almodôvar,2011,54.5
Alvito,2011,133.3
Barrancos,2011,0.0
Beja,2011,87.8
Castro Verde,2011,52.9
Cuba,2011,200.0
Ferreira do Alentejo,2011,135.3
Mértola,2011,78.6
Moura,2011,104.9
Ourique,2011,200.0
Serpa,2011,85.2
Vidigueira,2011,33.3
Almeirim,2011,143.5
Alpiarça,2011,125.0
Azambuja,2011,93.6
Benavente,2011,118.2
Cartaxo,2011,93.8
Chamusca,2011,190.0
Coruche,2011,107.3
Golegã,2011,87.0
Rio Maior,2011,79.2
Salvaterra de Magos,2011,104.8
Santarém,2011,96.6
Alter do Chão,2011,35.7
Arronches,2011,81.8
Avis,2011,116.7
Campo Maior,2011,55.9
Castelo de Vide,2011,120.0
Crato,2011,62.5
Elvas,2011,109.1
Fronteira,2011,140.0
Gavião,2011,112.5
Marvão,2011,250.0
Monforte,2011,0.0
Nisa,2011,163.6
Ponte de Sor,2011,86.7
Portalegre,2011,80.9
Sousel,2011,22.2
Alandroal,2011,40.0
Arraiolos,2011,72.2
Borba,2011,63.6
Estremoz,2011,62.5
Évora,2011,73.5
Montemor-o-Novo,2011,95.2
Mora,2011,90.0
Mourão,2011,100.0
Portel,2011,50.0
Redondo,2011,58.8
Reguengos de Monsaraz,2011,100.0
Vendas Novas,2011,102.6
Viana do Alentejo,2011,133.3
Vila Viçosa,2011,51.7
Albufeira,2011,66.3
Alcoutim,2011,33.3
Aljezur,2011,31.3
Castro Marim,2011,51.4
Faro,2011,56.1
Lagoa,2011,76.1
Lagos,2011,39.4
Loulé,2011,93.5
Monchique,2011,40.0
Olhão,2011,124.0
Portimão,2011,114.3
São Brás de Alportel,2011,65.1
Silves,2011,62.5
Tavira,2011,84.5
Vila do Bispo,2011,64.3
Vila Real de Santo António,2011,144.7
Vila do Porto,2011,80.0
Lagoa [R.A.A.],2011,56.6
Nordeste,2011,300.0
Ponta Delgada,2011,74.5
Povoação,2011,38.2
Ribeira Grande,2011,67.2
Vila Franca do Campo,2011,96.7
Angra do Heroísmo,2011,70.9
Vila da Praia da Vitória,2011,64.1
Santa Cruz da Graciosa,2011,43.8
Calheta [R.A.A.],2011,85.7
Velas,2011,164.3
Lajes do Pico,2011,56.3
Madalena,2011,147.1
São Roque do Pico,2011,83.3
Horta,2011,102.0
Lajes das Flores,2011,166.7
Santa Cruz das Flores,2011,66.7
Corvo,2011,0.0
Calheta [R.A.M.],2011,36.8
Câmara de Lobos,2011,75.7
Funchal,2011,72.6
Machico,2011,44.2
Ponta do Sol,2011,95.8
Porto Moniz,2011,25.0
Ribeira Brava,2011,87.9
Santa Cruz,2011,151.1
Santana,2011,64.7
São Vicente,2011,92.9
Porto Santo,2011,81.0
Arcos de Valdevez,2012,54.8
Caminha,2012,86.0
Melgaço,2012,63.6
Monção,2012,37.3
Paredes de Coura,2012,41.9
Ponte da Barca,2012,45.8
Ponte de Lima,2012,32.2
Valença,2012,70.5
Viana do Castelo,2012,52.1
Vila Nova de Cerveira,2012,71.4
Amares,2012,39.4
Barcelos,2012,50.3
Braga,2012,65.0
Esposende,2012,37.2
Terras de Bouro,2012,125.0
Vila Verde,2012,43.8
Cabeceiras de Basto,2012,30.0
Fafe,2012,57.3
Guimarães,2012,56.2
Mondim de Basto,2012,25.0
Póvoa de Lanhoso,2012,33.9
Vieira do Minho,2012,44.6
Vila Nova de Famalicão,2012,80.4
Vizela,2012,30.9
Arouca,2012,52.6
Espinho,2012,45.3
Gondomar,2012,159.7
Maia,2012,99.8
Matosinhos,2012,109.0
Oliveira de Azeméis,2012,76.8
Paredes,2012,66.7
Porto,2012,65.4
Póvoa de Varzim,2012,58.6
Santa Maria da Feira,2012,81.9
Santo Tirso,2012,60.6
São João da Madeira,2012,49.0
Trofa,2012,57.6
Vale de Cambra,2012,50.6
Valongo,2012,87.5
Vila do Conde,2012,64.8
Vila Nova de Gaia,2012,93.2
Boticas,2012,29.4
Chaves,2012,51.4
Montalegre,2012,43.6
Ribeira de Pena,2012,40.0
Valpaços,2012,82.5
Vila Pouca de Aguiar,2012,84.1
Amarante,2012,45.5
Baião,2012,68.3
Castelo de Paiva,2012,61.0
Celorico de Basto,2012,67.8
Cinfães,2012,70.0
Felgueiras,2012,49.3
Lousada,2012,51.6
Marco de Canaveses,2012,75.7
Paços de Ferreira,2012,45.9
Penafiel,2012,63.9
Resende,2012,43.5
Alijó,2012,88.0
Armamar,2012,50.0
Carrazeda de Ansiães,2012,69.2
Freixo de Espada à Cinta,2012,225.0
Lamego,2012,49.2
Mesão Frio,2012,63.6
Moimenta da Beira,2012,69.4
Murça,2012,70.6
Penedono,2012,50.0
Peso da Régua,2012,88.1
Sabrosa,2012,53.8
Santa Marta de Penaguião,2012,85.7
São João da Pesqueira,2012,52.0
Sernancelhe,2012,69.2
Tabuaço,2012,50.0
Tarouca,2012,51.4
Torre de Moncorvo,2012,88.2
Vila Nova de Foz Côa,2012,47.4
Vila Real,2012,65.8
Alfândega da Fé,2012,110.0
Bragança,2012,66.1
Macedo de Cavaleiros,2012,43.4
Miranda do Douro,2012,26.3
Mirandela,2012,92.3
Mogadouro,2012,64.7
Vila Flor,2012,61.9
Vimioso,2012,30.8
Vinhais,2012,26.3
Alcobaça,2012,102.3
Alenquer,2012,79.1
Arruda dos Vinhos,2012,48.1
Bombarral,2012,87.5
Cadaval,2012,97.4
Caldas da Rainha,2012,105.7
Lourinhã,2012,79.0
Nazaré,2012,65.4
Óbidos,2012,75.0
Peniche,2012,65.9
Sobral de Monte Agraço,2012,30.9
Torres Vedras,2012,93.6
Águeda,2012,79.5
Albergaria-a-Velha,2012,90.5
Anadia,2012,96.8
Aveiro,2012,76.6
Estarreja,2012,95.7
Ílhavo,2012,138.7
Murtosa,2012,37.5
Oliveira do Bairro,2012,85.1
Ovar,2012,78.2
Sever do Vouga,2012,84.4
Vagos,2012,72.2
Arganil,2012,62.5
Cantanhede,2012,45.2
Coimbra,2012,74.3
Condeixa-a-Nova,2012,107.5
Figueira da Foz,2012,85.6
Góis,2012,100.0
Lousã,2012,86.5
Mealhada,2012,83.9
Mira,2012,54.5
Miranda do Corvo,2012,69.8
Montemor-o-Velho,2012,62.9
Mortágua,2012,35.1
Oliveira do Hospital,2012,77.5
Pampilhosa da Serra,2012,100.0
Penacova,2012,69.4
Penela,2012,100.0
Soure,2012,89.3
Tábua,2012,112.1
Vila Nova de Poiares,2012,104.3
Alvaiázere,2012,66.7
Ansião,2012,74.2
Batalha,2012,40.7
Castanheira de Pêra,2012,100.0
Figueiró dos Vinhos,2012,54.5
Leiria,2012,81.3
Marinha Grande,2012,109.9
Pedrógão Grande,2012,66.7
Pombal,2012,79.2
Porto de Mós,2012,127.5
Aguiar da Beira,2012,14.3
Carregal do Sal,2012,33.3
Castro Daire,2012,24.6
Mangualde,2012,37.0
Nelas,2012,50.9
Oliveira de Frades,2012,52.2
Penalva do Castelo,2012,25.0
Santa Comba Dão,2012,38.2
São Pedro do Sul,2012,57.8
Sátão,2012,56.8
Tondela,2012,44.2
Vila Nova de Paiva,2012,42.9
Viseu,2012,59.2
Vouzela,2012,56.0
Castelo Branco,2012,94.0
Idanha-a-Nova,2012,47.1
Oleiros,2012,133.3
Penamacor,2012,233.3
Proença-a-Nova,2012,58.8
Vila Velha de Ródão,2012,700.0
Abrantes,2012,144.6
Alcanena,2012,74.4
Constância,2012,33.3
Entroncamento,2012,132.1
Ferreira do Zêzere,2012,65.2
Mação,2012,162.5
Ourém,2012,52.7
Sardoal,2012,41.2
Sertã,2012,49.1
Tomar,2012,78.6
Torres Novas,2012,126.9
Vila de Rei,2012,45.5
Vila Nova da Barquinha,2012,75.0
Almeida,2012,200.0
Belmonte,2012,76.2
Celorico da Beira,2012,41.4
Covilhã,2012,99.2
Figueira de Castelo Rodrigo,2012,25.9
Fornos de Algodres,2012,23.8
Fundão,2012,64.6
Gouveia,2012,79.5
Guarda,2012,53.8
Manteigas,2012,61.5
Mêda,2012,17.4
Pinhel,2012,31.8
Sabugal,2012,45.8
Seia,2012,82.9
Trancoso,2012,66.7
Alcochete,2012,64.6
Almada,2012,69.6
Amadora,2012,85.1
Barreiro,2012,56.5
Cascais,2012,127.0
Lisboa,2012,41.0
Loures,2012,80.0
Mafra,2012,74.2
Moita,2012,95.6
Montijo,2012,86.0
Odivelas,2012,
Oeiras,2012,82.7
Palmela,2012,79.3
Seixal,2012,92.0
Sesimbra,2012,84.2
Setúbal,2012,93.0
Sintra,2012,117.7
Vila Franca de Xira,2012,138.4
Alcácer do Sal,2012,73.3
Grândola,2012,76.9
Odemira,2012,78.3
Santiago do Cacém,2012,89.6
Sines,2012,42.6
Aljustrel,2012,242.9
Almodôvar,2012,115.4
Alvito,2012,12.5
Barrancos,2012,75.0
Beja,2012,106.5
Castro Verde,2012,30.0
Cuba,2012,100.0
Ferreira do Alentejo,2012,114.3
Mértola,2012,90.9
Moura,2012,64.9
Ourique,2012,60.0
Serpa,2012,40.5
Vidigueira,2012,188.9
Almeirim,2012,136.4
Alpiarça,2012,185.7
Azambuja,2012,81.5
Benavente,2012,109.8
Cartaxo,2012,104.1
Chamusca,2012,90.5
Coruche,2012,65.1
Golegã,2012,41.4
Rio Maior,2012,78.4
Salvaterra de Magos,2012,94.3
Santarém,2012,101.2
Alter do Chão,2012,20.0
Arronches,2012,42.9
Avis,2012,85.7
Campo Maior,2012,88.9
Castelo de Vide,2012,55.6
Crato,2012,133.3
Elvas,2012,98.2
Fronteira,2012,100.0
Gavião,2012,20.0
Marvão,2012,66.7
Monforte,2012,500.0
Nisa,2012,150.0
Ponte de Sor,2012,52.4
Portalegre,2012,66.7
Sousel,2012,66.7
Alandroal,2012,100.0
Arraiolos,2012,107.1
Borba,2012,81.8
Estremoz,2012,48.7
Évora,2012,80.9
Montemor-o-Novo,2012,75.0
Mora,2012,50.0
Mourão,2012,66.7
Portel,2012,133.3
Redondo,2012,142.9
Reguengos de Monsaraz,2012,125.0
Vendas Novas,2012,206.3
Viana do Alentejo,2012,138.5
Vila Viçosa,2012,260.0
Albufeira,2012,58.0
Alcoutim,2012,33.3
Aljezur,2012,109.1
Castro Marim,2012,22.4
Faro,2012,65.2
Lagoa,2012,72.1
Lagos,2012,35.7
Loulé,2012,77.7
Monchique,2012,55.6
Olhão,2012,105.8
Portimão,2012,110.1
São Brás de Alportel,2012,16.7
Silves,2012,69.1
Tavira,2012,95.3
Vila do Bispo,2012,77.8
Vila Real de Santo António,2012,79.2
Vila do Porto,2012,63.2
Lagoa [R.A.A.],2012,56.3
Nordeste,2012,108.3
Ponta Delgada,2012,69.7
Povoação,2012,95.7
Ribeira Grande,2012,76.9
Vila Franca do Campo,2012,130.8
Angra do Heroísmo,2012,71.6
Vila da Praia da Vitória,2012,81.5
Santa Cruz da Graciosa,2012,233.3
Calheta [R.A.A.],2012,214.3
Velas,2012,93.8
Lajes do Pico,2012,33.3
Madalena,2012,39.3
São Roque do Pico,2012,162.5
Horta,2012,88.2
Lajes das Flores,2012,25.0
Santa Cruz das Flores,2012,200.0
Corvo,2012,0.0
Calheta [R.A.M.],2012,75.9
Câmara de Lobos,2012,101.3
Funchal,2012,61.4
Machico,2012,45.9
Ponta do Sol,2012,70.0
Porto Moniz,2012,75.0
Ribeira Brava,2012,41.8
Santa Cruz,2012,127.3
Santana,2012,65.4
São Vicente,2012,400.0
Porto Santo,2012,107.1
Arcos de Valdevez,2013,60.3
Caminha,2013,85.7
Melgaço,2013,35.5
Monção,2013,76.1
Paredes de Coura,2013,94.7
Ponte da Barca,2013,65.9
Ponte de Lima,2013,33.5
Valença,2013,64.1
Viana do Castelo,2013,64.4
Vila Nova de Cerveira,2013,50.0
Amares,2013,48.6
Barcelos,2013,47.1
Braga,2013,61.0
Esposende,2013,51.9
Terras de Bouro,2013,100.0
Vila Verde,2013,43.1
Cabeceiras de Basto,2013,39.7
Fafe,2013,48.0
Guimarães,2013,55.6
Mondim de Basto,2013,22.9
Póvoa de Lanhoso,2013,44.4
Vieira do Minho,2013,51.1
Vila Nova de Famalicão,2013,75.4
Vizela,2013,50.5
Arouca,2013,22.5
Espinho,2013,46.0
Gondomar,2013,99.2
Maia,2013,99.2
Matosinhos,2013,110.7
Oliveira de Azeméis,2013,94.8
Paredes,2013,77.2
Porto,2013,64.5
Póvoa de Varzim,2013,54.4
Santa Maria da Feira,2013,81.1
Santo Tirso,2013,63.6
São João da Madeira,2013,33.1
Trofa,2013,56.2
Vale de Cambra,2013,47.8
Valongo,2013,82.4
Vila do Conde,2013,61.0
Vila Nova de Gaia,2013,86.5
Boticas,2013,25.0
Chaves,2013,59.7
Montalegre,2013,35.0
Ribeira de Pena,2013,29.2
Valpaços,2013,78.3
Vila Pouca de Aguiar,2013,47.8
Amarante,2013,51.4
Baião,2013,67.4
Castelo de Paiva,2013,52.9
Celorico de Basto,2013,47.6
Cinfães,2013,56.9
Felgueiras,2013,49.3
Lousada,2013,57.5
Marco de Canaveses,2013,70.7
Paços de Ferreira,2013,48.5
Penafiel,2013,55.1
Resende,2013,27.7
Alijó,2013,100.0
Armamar,2013,47.4
Carrazeda de Ansiães,2013,71.4
Freixo de Espada à Cinta,2013,33.3
Lamego,2013,32.8
Mesão Frio,2013,50.0
Moimenta da Beira,2013,28.6
Murça,2013,57.7
Penedono,2013,62.5
Peso da Régua,2013,59.7
Sabrosa,2013,53.8
Santa Marta de Penaguião,2013,58.8
São João da Pesqueira,2013,93.3
Sernancelhe,2013,21.4
Tabuaço,2013,50.0
Tarouca,2013,72.4
Torre de Moncorvo,2013,153.8
Vila Nova de Foz Côa,2013,18.2
Vila Real,2013,60.8
Alfândega da Fé,2013,100.0
Bragança,2013,46.2
Macedo de Cavaleiros,2013,64.3
Miranda do Douro,2013,14.3
Mirandela,2013,71.4
Mogadouro,2013,52.8
Vila Flor,2013,54.5
Vimioso,2013,10.0
Vinhais,2013,100.0
Alcobaça,2013,93.2
Alenquer,2013,89.6
Arruda dos Vinhos,2013,89.2
Bombarral,2013,93.9
Cadaval,2013,133.3
Caldas da Rainha,2013,92.1
Lourinhã,2013,100.0
Nazaré,2013,48.1
Óbidos,2013,51.6
Peniche,2013,55.7
Sobral de Monte Agraço,2013,56.1
Torres Vedras,2013,71.5
Águeda,2013,64.0
Albergaria-a-Velha,2013,63.9
Anadia,2013,70.4
Aveiro,2013,60.8
Estarreja,2013,72.2
Ílhavo,2013,101.0
Murtosa,2013,35.0
Oliveira do Bairro,2013,68.4
Ovar,2013,75.2
Sever do Vouga,2013,79.3
Vagos,2013,41.4
Arganil,2013,37.5
Cantanhede,2013,61.1
Coimbra,2013,73.8
Condeixa-a-Nova,2013,112.8
Figueira da Foz,2013,63.2
Góis,2013,70.0
Lousã,2013,123.8
Mealhada,2013,82.0
Mira,2013,86.0
Miranda do Corvo,2013,50.0
Montemor-o-Velho,2013,56.0
Mortágua,2013,53.3
Oliveira do Hospital,2013,106.3
Pampilhosa da Serra,2013,60.0
Penacova,2013,68.3
Penela,2013,70.6
Soure,2013,80.4
Tábua,2013,75.0
Vila Nova de Poiares,2013,114.3
Alvaiázere,2013,94.1
Ansião,2013,66.7
Batalha,2013,50.0
Castanheira de Pêra,2013,
Figueiró dos Vinhos,2013,58.3
Leiria,2013,75.0
Marinha Grande,2013,74.2
Pedrógão Grande,2013,27.3
Pombal,2013,84.4
Porto de Mós,2013,110.5
Aguiar da Beira,2013,18.2
Carregal do Sal,2013,61.9
Castro Daire,2013,46.9
Mangualde,2013,65.0
Nelas,2013,38.6
Oliveira de Frades,2013,53.6
Penalva do Castelo,2013,15.4
Santa Comba Dão,2013,42.6
São Pedro do Sul,2013,53.7
Sátão,2013,28.6
Tondela,2013,53.1
Vila Nova de Paiva,2013,66.7
Viseu,2013,66.6
Vouzela,2013,82.6
Castelo Branco,2013,74.5
Idanha-a-Nova,2013,73.3
Oleiros,2013,62.5
Penamacor,2013,50.0
Proença-a-Nova,2013,50.0
Vila Velha de Ródão,2013,100.0
Abrantes,2013,65.8
Alcanena,2013,93.3
Constância,2013,44.4
Entroncamento,2013,94.3
Ferreira do Zêzere,2013,63.6
Mação,2013,81.3
Ourém,2013,59.5
Sardoal,2013,19.2
Sertã,2013,47.5
Tomar,2013,85.0
Torres Novas,2013,172.2
Vila de Rei,2013,30.8
Vila Nova da Barquinha,2013,44.4
Almeida,2013,52.9
Belmonte,2013,88.9
Celorico da Beira,2013,40.0
Covilhã,2013,80.6
Figueira de Castelo Rodrigo,2013,35.7
Fornos de Algodres,2013,35.3
Fundão,2013,59.0
Gouveia,2013,70.0
Guarda,2013,65.4
Manteigas,2013,114.3
Mêda,2013,15.8
Pinhel,2013,39.1
Sabugal,2013,52.4
Seia,2013,43.7
Trancoso,2013,40.0
Alcochete,2013,48.1
Almada,2013,62.2
Amadora,2013,95.0
Barreiro,2013,56.6
Cascais,2013,108.1
Lisboa,2013,38.7
Loures,2013,71.4
Mafra,2013,66.4
Moita,2013,108.4
Montijo,2013,73.1
Odivelas,2013,
Oeiras,2013,74.4
Palmela,2013,67.9
Seixal,2013,90.1
Sesimbra,2013,98.6
Setúbal,2013,101.0
Sintra,2013,110.9
Vila Franca de Xira,2013,125.4
Alcácer do Sal,2013,153.8
Grândola,2013,53.7
Odemira,2013,70.8
Santiago do Cacém,2013,84.1
Sines,2013,52.2
Aljustrel,2013,150.0
Almodôvar,2013,185.7
Alvito,2013,87.5
Barrancos,2013,66.7
Beja,2013,81.0
Castro Verde,2013,63.2
Cuba,2013,80.0
Ferreira do Alentejo,2013,75.0
Mértola,2013,100.0
Moura,2013,77.4
Ourique,2013,110.0
Serpa,2013,64.0
Vidigueira,2013,150.0
Almeirim,2013,119.6
Alpiarça,2013,178.6
Azambuja,2013,104.3
Benavente,2013,120.3
Cartaxo,2013,94.6
Chamusca,2013,100.0
Coruche,2013,100.0
Golegã,2013,100.0
Rio Maior,2013,98.5
Salvaterra de Magos,2013,117.5
Santarém,2013,65.7
Alter do Chão,2013,38.5
Arronches,2013,100.0
Avis,2013,71.4
Campo Maior,2013,146.7
Castelo de Vide,2013,50.0
Crato,2013,71.4
Elvas,2013,62.5
Fronteira,2013,40.0
Gavião,2013,80.0
Marvão,2013,50.0
Monforte,2013,100.0
Nisa,2013,53.8
Ponte de Sor,2013,96.3
Portalegre,2013,91.2
Sousel,2013,100.0
Alandroal,2013,44.4
Arraiolos,2013,60.0
Borba,2013,275.0
Estremoz,2013,97.1
Évora,2013,91.4
Montemor-o-Novo,2013,80.5
Mora,2013,171.4
Mourão,2013,28.6
Portel,2013,50.0
Redondo,2013,112.5
Reguengos de Monsaraz,2013,74.1
Vendas Novas,2013,68.8
Viana do Alentejo,2013,87.5
Vila Viçosa,2013,77.8
Albufeira,2013,55.3
Alcoutim,2013,57.1
Aljezur,2013,18.8
Castro Marim,2013,11.4
Faro,2013,58.0
Lagoa,2013,81.0
Lagos,2013,41.0
Loulé,2013,67.4
Monchique,2013,62.5
Olhão,2013,119.8
Portimão,2013,121.4
São Brás de Alportel,2013,42.6
Silves,2013,100.0
Tavira,2013,72.6
Vila do Bispo,2013,92.9
Vila Real de Santo António,2013,88.1
Vila do Porto,2013,88.9
Lagoa [R.A.A.],2013,63.5
Nordeste,2013,136.4
Ponta Delgada,2013,76.2
Povoação,2013,57.7
Ribeira Grande,2013,83.5
Vila Franca do Campo,2013,85.7
Angra do Heroísmo,2013,74.6
Vila da Praia da Vitória,2013,87.5
Santa Cruz da Graciosa,2013,275.0
Calheta [R.A.A.],2013,87.5
Velas,2013,271.4
Lajes do Pico,2013,66.7
Madalena,2013,45.9
São Roque do Pico,2013,280.0
Horta,2013,67.2
Lajes das Flores,2013,50.0
Santa Cruz das Flores,2013,137.5
Corvo,2013,
Calheta [R.A.M.],2013,48.9
Câmara de Lobos,2013,89.3
Funchal,2013,74.6
Machico,2013,77.0
Ponta do Sol,2013,50.0
Porto Moniz,2013,300.0
Ribeira Brava,2013,89.7
Santa Cruz,2013,88.1
Santana,2013,73.3
São Vicente,2013,121.4
Porto Santo,2013,100.0
Arcos de Valdevez,2014,56.9
Caminha,2014,95.6
Melgaço,2014,27.6
Monção,2014,58.7
Paredes de Coura,2014,71.4
Ponte da Barca,2014,68.4
Ponte de Lima,2014,52.4
Valença,2014,54.0
Viana do Castelo,2014,65.7
Vila Nova de Cerveira,2014,77.8
Amares,2014,25.8
Barcelos,2014,47.7
Braga,2014,55.4
Esposende,2014,50.4
Terras de Bouro,2014,120.0
Vila Verde,2014,44.9
Cabeceiras de Basto,2014,34.2
Fafe,2014,53.0
Guimarães,2014,54.7
Mondim de Basto,2014,55.6
Póvoa de Lanhoso,2014,58.3
Vieira do Minho,2014,60.9
Vila Nova de Famalicão,2014,90.0
Vizela,2014,63.1
Arouca,2014,42.9
Espinho,2014,50.7
Gondomar,2014,103.1
Maia,2014,97.3
Matosinhos,2014,107.7
Oliveira de Azeméis,2014,75.0
Paredes,2014,74.7
Porto,2014,55.8
Póvoa de Varzim,2014,51.9
Santa Maria da Feira,2014,84.9
Santo Tirso,2014,54.5
São João da Madeira,2014,46.3
Trofa,2014,55.8
Vale de Cambra,2014,45.2
Valongo,2014,85.7
Vila do Conde,2014,58.5
Vila Nova de Gaia,2014,100.6
Boticas,2014,100.0
Chaves,2014,82.9
Montalegre,2014,37.8
Ribeira de Pena,2014,42.1
Valpaços,2014,39.2
Vila Pouca de Aguiar,2014,71.4
Amarante,2014,43.5
Baião,2014,40.5
Castelo de Paiva,2014,61.8
Celorico de Basto,2014,37.3
Cinfães,2014,53.1
Felgueiras,2014,43.0
Lousada,2014,50.3
Marco de Canaveses,2014,66.9
Paços de Ferreira,2014,57.0
Penafiel,2014,52.2
Resende,2014,27.7
Alijó,2014,91.7
Armamar,2014,73.7
Carrazeda de Ansiães,2014,78.9
Freixo de Espada à Cinta,2014,300.0
Lamego,2014,49.1
Mesão Frio,2014,33.3
Moimenta da Beira,2014,21.1
Murça,2014,50.0
Penedono,2014,36.4
Peso da Régua,2014,25.0
Sabrosa,2014,12.0
Santa Marta de Penaguião,2014,65.0
São João da Pesqueira,2014,48.3
Sernancelhe,2014,46.2
Tabuaço,2014,57.9
Tarouca,2014,46.4
Torre de Moncorvo,2014,68.4
Vila Nova de Foz Côa,2014,41.2
Vila Real,2014,79.2
Alfândega da Fé,2014,120.0
Bragança,2014,64.9
Macedo de Cavaleiros,2014,50.0
Miranda do Douro,2014,35.7
Mirandela,2014,66.1
Mogadouro,2014,48.0
Vila Flor,2014,100.0
Vimioso,2014,35.7
Vinhais,2014,100.0
Alcobaça,2014,132.1
Alenquer,2014,86.4
Arruda dos Vinhos,2014,103.1
Bombarral,2014,71.8
Cadaval,2014,50.0
Caldas da Rainha,2014,131.4
Lourinhã,2014,57.3
Nazaré,2014,63.5
Óbidos,2014,44.4
Peniche,2014,85.7
Sobral de Monte Agraço,2014,51.3
Torres Vedras,2014,77.2
Águeda,2014,91.2
Albergaria-a-Velha,2014,85.5
Anadia,2014,93.9
Aveiro,2014,57.9
Estarreja,2014,76.9
Ílhavo,2014,112.3
Murtosa,2014,61.8
Oliveira do Bairro,2014,76.0
Ovar,2014,93.5
Sever do Vouga,2014,53.1
Vagos,2014,42.5
Arganil,2014,60.6
Cantanhede,2014,68.3
Coimbra,2014,67.3
Condeixa-a-Nova,2014,65.1
Figueira da Foz,2014,89.1
Góis,2014,85.7
Lousã,2014,79.1
Mealhada,2014,86.0
Mira,2014,59.4
Miranda do Corvo,2014,71.1
Montemor-o-Velho,2014,54.3
Mortágua,2014,32.0
Oliveira do Hospital,2014,68.3
Pampilhosa da Serra,2014,90.0
Penacova,2014,56.8
Penela,2014,63.6
Soure,2014,65.2
Tábua,2014,69.0
Vila Nova de Poiares,2014,90.0
Alvaiázere,2014,61.1
Ansião,2014,36.1
Batalha,2014,57.4
Castanheira de Pêra,2014,160.0
Figueiró dos Vinhos,2014,40.9
Leiria,2014,77.3
Marinha Grande,2014,70.9
Pedrógão Grande,2014,114.3
Pombal,2014,76.2
Porto de Mós,2014,111.8
Aguiar da Beira,2014,22.2
Carregal do Sal,2014,53.8
Castro Daire,2014,40.4
Mangualde,2014,48.2
Nelas,2014,38.3
Oliveira de Frades,2014,42.5
Penalva do Castelo,2014,17.8
Santa Comba Dão,2014,65.1
São Pedro do Sul,2014,72.7
Sátão,2014,38.5
Tondela,2014,75.0
Vila Nova de Paiva,2014,15.8
Viseu,2014,70.1
Vouzela,2014,42.1
Castelo Branco,2014,70.5
Idanha-a-Nova,2014,70.6
Oleiros,2014,100.0
Penamacor,2014,133.3
Proença-a-Nova,2014,53.3
Vila Velha de Ródão,2014,100.0
Abrantes,2014,62.9
Alcanena,2014,139.1
Constância,2014,15.8
Entroncamento,2014,127.5
Ferreira do Zêzere,2014,36.0
Mação,2014,157.1
Ourém,2014,52.8
Sardoal,2014,85.7
Sertã,2014,35.6
Tomar,2014,81.1
Torres Novas,2014,113.6
Vila de Rei,2014,60.0
Vila Nova da Barquinha,2014,57.1
Almeida,2014,38.1
Belmonte,2014,41.2
Celorico da Beira,2014,64.7
Covilhã,2014,108.1
Figueira de Castelo Rodrigo,2014,57.1
Fornos de Algodres,2014,114.3
Fundão,2014,51.0
Gouveia,2014,40.6
Guarda,2014,47.3
Manteigas,2014,50.0
Mêda,2014,23.8
Pinhel,2014,68.4
Sabugal,2014,40.9
Seia,2014,50.0
Trancoso,2014,24.0
Alcochete,2014,66.3
Almada,2014,66.0
Amadora,2014,97.3
Barreiro,2014,57.6
Cascais,2014,91.1
Lisboa,2014,36.8
Loures,2014,78.3
Mafra,2014,62.7
Moita,2014,117.9
Montijo,2014,79.7
Odivelas,2014,
Oeiras,2014,83.7
Palmela,2014,67.2
Seixal,2014,96.0
Sesimbra,2014,87.1
Setúbal,2014,89.3
Sintra,2014,95.4
Vila Franca de Xira,2014,115.0
Alcácer do Sal,2014,63.6
Grândola,2014,65.9
Odemira,2014,126.5
Santiago do Cacém,2014,116.0
Sines,2014,63.8
Aljustrel,2014,466.7
Almodôvar,2014,162.5
Alvito,2014,75.0
Barrancos,2014,50.0
Beja,2014,73.9
Castro Verde,2014,21.7
Cuba,2014,63.6
Ferreira do Alentejo,2014,54.5
Mértola,2014,72.7
Moura,2014,120.0
Ourique,2014,56.3
Serpa,2014,108.3
Vidigueira,2014,116.7
Almeirim,2014,132.1
Alpiarça,2014,80.0
Azambuja,2014,93.8
Benavente,2014,98.5
Cartaxo,2014,89.1
Chamusca,2014,126.7
Coruche,2014,83.3
Golegã,2014,57.1
Rio Maior,2014,77.2
Salvaterra de Magos,2014,85.2
Santarém,2014,76.8
Alter do Chão,2014,54.5
Arronches,2014,57.1
Avis,2014,180.0
Campo Maior,2014,82.4
Castelo de Vide,2014,225.0
Crato,2014,100.0
Elvas,2014,88.1
Fronteira,2014,160.0
Gavião,2014,0.0
Marvão,2014,233.3
Monforte,2014,33.3
Nisa,2014,71.4
Ponte de Sor,2014,195.0
Portalegre,2014,73.0
Sousel,2014,100.0
Alandroal,2014,81.8
Arraiolos,2014,58.3
Borba,2014,90.0
Estremoz,2014,63.6
Évora,2014,87.1
Montemor-o-Novo,2014,114.3
Mora,2014,37.5
Mourão,2014,100.0
Portel,2014,81.8
Redondo,2014,81.3
Reguengos de Monsaraz,2014,126.7
Vendas Novas,2014,106.5
Viana do Alentejo,2014,52.4
Vila Viçosa,2014,52.6
Albufeira,2014,42.7
Alcoutim,2014,150.0
Aljezur,2014,15.8
Castro Marim,2014,16.7
Faro,2014,56.9
Lagoa,2014,80.3
Lagos,2014,46.0
Loulé,2014,55.1
Monchique,2014,44.4
Olhão,2014,84.0
Portimão,2014,130.8
São Brás de Alportel,2014,32.0
Silves,2014,62.7
Tavira,2014,84.5
Vila do Bispo,2014,57.1
Vila Real de Santo António,2014,66.7
Vila do Porto,2014,50.0
Lagoa [R.A.A.],2014,100.0
Nordeste,2014,100.0
Ponta Delgada,2014,64.1
Povoação,2014,61.9
Ribeira Grande,2014,84.2
Vila Franca do Campo,2014,87.5
Angra do Heroísmo,2014,81.0
Vila da Praia da Vitória,2014,100.0
Santa Cruz da Graciosa,2014,120.0
Calheta [R.A.A.],2014,100.0
Velas,2014,154.5
Lajes do Pico,2014,111.1
Madalena,2014,66.7
São Roque do Pico,2014,450.0
Horta,2014,58.8
Lajes das Flores,2014,100.0
Santa Cruz das Flores,2014,85.7
Corvo,2014,0.0
Calheta [R.A.M.],2014,71.4
Câmara de Lobos,2014,81.8
Funchal,2014,67.1
Machico,2014,50.8
Ponta do Sol,2014,79.2
Porto Moniz,2014,250.0
Ribeira Brava,2014,118.5
Santa Cruz,2014,86.4
Santana,2014,84.6
São Vicente,2014,115.4
Porto Santo,2014,53.3
Arcos de Valdevez,2015,58.8
Caminha,2015,74.5
Melgaço,2015,83.3
Monção,2015,56.7
Paredes de Coura,2015,93.8
Ponte da Barca,2015,57.5
Ponte de Lima,2015,49.3
Valença,2015,51.5
Viana do Castelo,2015,57.0
Vila Nova de Cerveira,2015,58.3
Amares,2015,27.0
Barcelos,2015,48.8
Braga,2015,60.1
Esposende,2015,59.8
Terras de Bouro,2015,41.2
Vila Verde,2015,64.2
Cabeceiras de Basto,2015,34.9
Fafe,2015,39.1
Guimarães,2015,65.7
Mondim de Basto,2015,30.0
Póvoa de Lanhoso,2015,45.7
Vieira do Minho,2015,57.8
Vila Nova de Famalicão,2015,80.5
Vizela,2015,42.5
Arouca,2015,73.7
Espinho,2015,32.3
Gondomar,2015,88.4
Maia,2015,91.1
Matosinhos,2015,106.8
Oliveira de Azeméis,2015,96.6
Paredes,2015,88.9
Porto,2015,54.8
Póvoa de Varzim,2015,39.0
Santa Maria da Feira,2015,87.1
Santo Tirso,2015,53.1
São João da Madeira,2015,38.7
Trofa,2015,69.7
Vale de Cambra,2015,56.6
Valongo,2015,91.6
Vila do Conde,2015,49.2
Vila Nova de Gaia,2015,102.9
Boticas,2015,85.7
Chaves,2015,64.0
Montalegre,2015,42.9
Ribeira de Pena,2015,25.9
Valpaços,2015,51.1
Vila Pouca de Aguiar,2015,57.5
Amarante,2015,51.7
Baião,2015,66.1
Castelo de Paiva,2015,34.7
Celorico de Basto,2015,51.7
Cinfães,2015,57.1
Felgueiras,2015,52.9
Lousada,2015,46.3
Marco de Canaveses,2015,64.8
Paços de Ferreira,2015,50.7
Penafiel,2015,55.6
Resende,2015,38.6
Alijó,2015,114.3
Armamar,2015,107.1
Carrazeda de Ansiães,2015,58.3
Freixo de Espada à Cinta,2015,14.3
Lamego,2015,50.9
Mesão Frio,2015,64.7
Moimenta da Beira,2015,51.3
Murça,2015,105.6
Penedono,2015,42.9
Peso da Régua,2015,65.0
Sabrosa,2015,90.0
Santa Marta de Penaguião,2015,109.1
São João da Pesqueira,2015,40.7
Sernancelhe,2015,22.2
Tabuaço,2015,140.0
Tarouca,2015,58.3
Torre de Moncorvo,2015,36.8
Vila Nova de Foz Côa,2015,92.3
Vila Real,2015,69.4
Alfândega da Fé,2015,60.0
Bragança,2015,57.0
Macedo de Cavaleiros,2015,64.4
Miranda do Douro,2015,33.3
Mirandela,2015,88.5
Mogadouro,2015,55.2
Vila Flor,2015,71.4
Vimioso,2015,41.7
Vinhais,2015,92.9
Alcobaça,2015,92.6
Alenquer,2015,66.0
Arruda dos Vinhos,2015,89.5
Bombarral,2015,63.6
Cadaval,2015,143.8
Caldas da Rainha,2015,101.4
Lourinhã,2015,71.0
Nazaré,2015,41.6
Óbidos,2015,38.2
Peniche,2015,64.3
Sobral de Monte Agraço,2015,54.8
Torres Vedras,2015,77.3
Águeda,2015,85.4
Albergaria-a-Velha,2015,67.8
Anadia,2015,77.5
Aveiro,2015,61.0
Estarreja,2015,68.4
Ílhavo,2015,110.1
Murtosa,2015,52.0
Oliveira do Bairro,2015,73.4
Ovar,2015,118.1
Sever do Vouga,2015,73.5
Vagos,2015,62.8
Arganil,2015,225.0
Cantanhede,2015,73.3
Coimbra,2015,74.0
Condeixa-a-Nova,2015,87.0
Figueira da Foz,2015,73.4
Góis,2015,109.1
Lousã,2015,135.9
Mealhada,2015,75.5
Mira,2015,60.5
Miranda do Corvo,2015,112.9
Montemor-o-Velho,2015,53.7
Mortágua,2015,36.1
Oliveira do Hospital,2015,73.2
Pampilhosa da Serra,2015,70.0
Penacova,2015,93.5
Penela,2015,130.0
Soure,2015,97.4
Tábua,2015,200.0
Vila Nova de Poiares,2015,135.7
Alvaiázere,2015,72.7
Ansião,2015,72.0
Batalha,2015,44.0
Castanheira de Pêra,2015,33.3
Figueiró dos Vinhos,2015,47.1
Leiria,2015,77.3
Marinha Grande,2015,96.1
Pedrógão Grande,2015,20.0
Pombal,2015,97.9
Porto de Mós,2015,148.8
Aguiar da Beira,2015,33.3
Carregal do Sal,2015,112.5
Castro Daire,2015,50.9
Mangualde,2015,43.5
Nelas,2015,75.6
Oliveira de Frades,2015,64.1
Penalva do Castelo,2015,32.1
Santa Comba Dão,2015,60.0
São Pedro do Sul,2015,65.9
Sátão,2015,41.7
Tondela,2015,56.3
Vila Nova de Paiva,2015,42.1
Viseu,2015,70.6
Vouzela,2015,48.4
Castelo Branco,2015,81.9
Idanha-a-Nova,2015,70.0
Oleiros,2015,40.0
Penamacor,2015,57.1
Proença-a-Nova,2015,75.0
Vila Velha de Ródão,2015,60.0
Abrantes,2015,64.5
Alcanena,2015,80.0
Constância,2015,31.6
Entroncamento,2015,94.8
Ferreira do Zêzere,2015,69.6
Mação,2015,21.1
Ourém,2015,37.4
Sardoal,2015,81.8
Sertã,2015,54.7
Tomar,2015,85.0
Torres Novas,2015,101.5
Vila de Rei,2015,57.1
Vila Nova da Barquinha,2015,33.3
Almeida,2015,100.0
Belmonte,2015,125.0
Celorico da Beira,2015,60.9
Covilhã,2015,89.2
Figueira de Castelo Rodrigo,2015,27.8
Fornos de Algodres,2015,46.7
Fundão,2015,56.2
Gouveia,2015,45.7
Guarda,2015,68.1
Manteigas,2015,70.0
Mêda,2015,33.3
Pinhel,2015,100.0
Sabugal,2015,42.1
Seia,2015,46.5
Trancoso,2015,21.9
Alcochete,2015,48.5
Almada,2015,76.5
Amadora,2015,85.6
Barreiro,2015,82.5
Cascais,2015,114.3
Lisboa,2015,38.1
Loures,2015,88.5
Mafra,2015,56.2
Moita,2015,123.5
Montijo,2015,87.8
Odivelas,2015,
Oeiras,2015,112.8
Palmela,2015,70.9
Seixal,2015,106.4
Sesimbra,2015,94.8
Setúbal,2015,74.6
Sintra,2015,98.7
Vila Franca de Xira,2015,115.3
Alcácer do Sal,2015,60.6
Grândola,2015,55.0
Odemira,2015,107.5
Santiago do Cacém,2015,69.2
Sines,2015,75.0
Aljustrel,2015,141.7
Almodôvar,2015,166.7
Alvito,2015,125.0
Barrancos,2015,20.0
Beja,2015,70.5
Castro Verde,2015,64.7
Cuba,2015,62.5
Ferreira do Alentejo,2015,90.5
Mértola,2015,38.5
Moura,2015,86.7
Ourique,2015,62.5
Serpa,2015,66.7
Vidigueira,2015,86.7
Almeirim,2015,101.9
Alpiarça,2015,172.7
Azambuja,2015,100.0
Benavente,2015,98.7
Cartaxo,2015,101.7
Chamusca,2015,106.3
Coruche,2015,61.5
Golegã,2015,109.1
Rio Maior,2015,57.6
Salvaterra de Magos,2015,102.6
Santarém,2015,91.0
Alter do Chão,2015,50.0
Arronches,2015,33.3
Avis,2015,40.0
Campo Maior,2015,82.1
Castelo de Vide,2015,75.0
Crato,2015,133.3
Elvas,2015,75.8
Fronteira,2015,133.3
Gavião,2015,30.8
Marvão,2015,133.3
Monforte,2015,85.7
Nisa,2015,85.7
Ponte de Sor,2015,105.1
Portalegre,2015,112.2
Sousel,2015,333.3
Alandroal,2015,40.0
Arraiolos,2015,69.2
Borba,2015,84.6
Estremoz,2015,53.1
Évora,2015,65.1
Montemor-o-Novo,2015,102.9
Mora,2015,160.0
Mourão,2015,83.3
Portel,2015,85.7
Redondo,2015,155.6
Reguengos de Monsaraz,2015,89.5
Vendas Novas,2015,126.3
Viana do Alentejo,2015,90.0
Vila Viçosa,2015,108.3
Albufeira,2015,38.9
Alcoutim,2015,6.3
Aljezur,2015,30.0
Castro Marim,2015,23.1
Faro,2015,63.9
Lagoa,2015,82.9
Lagos,2015,40.1
Loulé,2015,57.7
Monchique,2015,50.0
Olhão,2015,93.7
Portimão,2015,94.1
São Brás de Alportel,2015,26.3
Silves,2015,112.1
Tavira,2015,105.6
Vila do Bispo,2015,14.9
Vila Real de Santo António,2015,69.2
Vila do Porto,2015,100.0
Lagoa [R.A.A.],2015,109.1
Nordeste,2015,172.7
Ponta Delgada,2015,93.2
Povoação,2015,59.4
Ribeira Grande,2015,89.9
Vila Franca do Campo,2015,80.6
Angra do Heroísmo,2015,74.6
Vila da Praia da Vitória,2015,77.3
Santa Cruz da Graciosa,2015,55.6
Calheta [R.A.A.],2015,112.5
Velas,2015,88.9
Lajes do Pico,2015,60.0
Madalena,2015,62.5
São Roque do Pico,2015,55.6
Horta,2015,102.4
Lajes das Flores,2015,350.0
Santa Cruz das Flores,2015,133.3
Corvo,2015,
Calheta [R.A.M.],2015,61.0
Câmara de Lobos,2015,107.5
Funchal,2015,72.6
Machico,2015,68.7
Ponta do Sol,2015,62.9
Porto Moniz,2015,80.0
Ribeira Brava,2015,107.4
Santa Cruz,2015,93.4
Santana,2015,75.0
São Vicente,2015,245.5
Porto Santo,2015,55.0
Arcos de Valdevez,2016,71.7
Caminha,2016,71.7
Melgaço,2016,43.8
Monção,2016,76.7
Paredes de Coura,2016,37.5
Ponte da Barca,2016,33.3
Ponte de Lima,2016,35.1
Valença,2016,53.7
Viana do Castelo,2016,50.2
Vila Nova de Cerveira,2016,59.3
Amares,2016,40.0
Barcelos,2016,60.8
Braga,2016,51.7
Esposende,2016,50.4
Terras de Bouro,2016,57.1
Vila Verde,2016,52.9
Cabeceiras de Basto,2016,45.3
Fafe,2016,54.4
Guimarães,2016,62.9
Mondim de Basto,2016,6.3
Póvoa de Lanhoso,2016,56.8
Vieira do Minho,2016,51.2
Vila Nova de Famalicão,2016,86.7
Vizela,2016,33.9
Arouca,2016,68.3
Espinho,2016,37.1
Gondomar,2016,113.2
Maia,2016,95.4
Matosinhos,2016,96.3
Oliveira de Azeméis,2016,94.9
Paredes,2016,74.1
Porto,2016,57.5
Póvoa de Varzim,2016,32.6
Santa Maria da Feira,2016,88.4
Santo Tirso,2016,68.8
São João da Madeira,2016,39.3
Trofa,2016,70.3
Vale de Cambra,2016,45.7
Valongo,2016,92.3
Vila do Conde,2016,41.1
Vila Nova de Gaia,2016,93.2
Boticas,2016,50.0
Chaves,2016,65.4
Montalegre,2016,70.4
Ribeira de Pena,2016,62.5
Valpaços,2016,62.2
Vila Pouca de Aguiar,2016,65.6
Amarante,2016,73.6
Baião,2016,51.5
Castelo de Paiva,2016,60.9
Celorico de Basto,2016,46.7
Cinfães,2016,90.9
Felgueiras,2016,60.1
Lousada,2016,53.1
Marco de Canaveses,2016,54.9
Paços de Ferreira,2016,50.4
Penafiel,2016,56.5
Resende,2016,62.0
Alijó,2016,47.6
Armamar,2016,60.0
Carrazeda de Ansiães,2016,38.5
Freixo de Espada à Cinta,2016,110.0
Lamego,2016,50.0
Mesão Frio,2016,31.8
Moimenta da Beira,2016,54.8
Murça,2016,23.8
Penedono,2016,21.4
Peso da Régua,2016,43.3
Sabrosa,2016,52.9
Santa Marta de Penaguião,2016,76.9
São João da Pesqueira,2016,107.7
Sernancelhe,2016,84.6
Tabuaço,2016,88.9
Tarouca,2016,47.2
Torre de Moncorvo,2016,157.1
Vila Nova de Foz Côa,2016,28.0
Vila Real,2016,62.2
Alfândega da Fé,2016,42.9
Bragança,2016,56.1
Macedo de Cavaleiros,2016,83.7
Miranda do Douro,2016,11.8
Mirandela,2016,81.4
Mogadouro,2016,115.8
Vila Flor,2016,136.4
Vimioso,2016,50.0
Vinhais,2016,47.1
Alcobaça,2016,115.5
Alenquer,2016,57.1
Arruda dos Vinhos,2016,69.0
Bombarral,2016,63.4
Cadaval,2016,100.0
Caldas da Rainha,2016,76.6
Lourinhã,2016,47.9
Nazaré,2016,40.0
Óbidos,2016,36.5
Peniche,2016,97.3
Sobral de Monte Agraço,2016,45.8
Torres Vedras,2016,57.6
Águeda,2016,79.7
Albergaria-a-Velha,2016,57.6
Anadia,2016,76.9
Aveiro,2016,53.6
Estarreja,2016,76.0
Ílhavo,2016,112.5
Murtosa,2016,37.5
Oliveira do Bairro,2016,43.8
Ovar,2016,91.5
Sever do Vouga,2016,54.1
Vagos,2016,52.5
Arganil,2016,92.3
Cantanhede,2016,65.8
Coimbra,2016,56.0
Condeixa-a-Nova,2016,84.0
Figueira da Foz,2016,65.8
Góis,2016,125.0
Lousã,2016,172.7
Mealhada,2016,93.2
Mira,2016,58.5
Miranda do Corvo,2016,61.3
Montemor-o-Velho,2016,60.9
Mortágua,2016,66.7
Oliveira do Hospital,2016,68.8
Pampilhosa da Serra,2016,200.0
Penacova,2016,76.9
Penela,2016,75.0
Soure,2016,126.7
Tábua,2016,122.2
Vila Nova de Poiares,2016,71.4
Alvaiázere,2016,114.3
Ansião,2016,88.5
Batalha,2016,42.9
Castanheira de Pêra,2016,22.2
Figueiró dos Vinhos,2016,109.1
Leiria,2016,90.8
Marinha Grande,2016,97.1
Pedrógão Grande,2016,58.3
Pombal,2016,85.2
Porto de Mós,2016,95.6
Aguiar da Beira,2016,38.1
Carregal do Sal,2016,94.7
Castro Daire,2016,30.8
Mangualde,2016,50.0
Nelas,2016,69.0
Oliveira de Frades,2016,59.5
Penalva do Castelo,2016,34.2
Santa Comba Dão,2016,57.6
São Pedro do Sul,2016,52.0
Sátão,2016,66.7
Tondela,2016,68.8
Vila Nova de Paiva,2016,54.5
Viseu,2016,75.0
Vouzela,2016,64.0
Castelo Branco,2016,87.1
Idanha-a-Nova,2016,77.8
Oleiros,2016,150.0
Penamacor,2016,157.1
Proença-a-Nova,2016,58.3
Vila Velha de Ródão,2016,25.0
Abrantes,2016,109.4
Alcanena,2016,58.8
Constância,2016,42.9
Entroncamento,2016,113.3
Ferreira do Zêzere,2016,76.0
Mação,2016,41.7
Ourém,2016,38.3
Sardoal,2016,62.5
Sertã,2016,52.4
Tomar,2016,50.4
Torres Novas,2016,88.9
Vila de Rei,2016,60.0
Vila Nova da Barquinha,2016,54.1
Almeida,2016,46.2
Belmonte,2016,45.5
Celorico da Beira,2016,52.2
Covilhã,2016,102.0
Figueira de Castelo Rodrigo,2016,35.3
Fornos de Algodres,2016,38.5
Fundão,2016,74.7
Gouveia,2016,67.7
Guarda,2016,69.4
Manteigas,2016,22.2
Mêda,2016,23.5
Pinhel,2016,35.7
Sabugal,2016,88.2
Seia,2016,65.5
Trancoso,2016,31.3
Alcochete,2016,46.7
Almada,2016,70.0
Amadora,2016,107.6
Barreiro,2016,64.5
Cascais,2016,98.2
Lisboa,2016,36.8
Loures,2016,74.9
Mafra,2016,57.2
Moita,2016,108.0
Montijo,2016,90.1
Odivelas,2016,
Oeiras,2016,80.6
Palmela,2016,59.7
Seixal,2016,109.3
Sesimbra,2016,78.1
Setúbal,2016,80.0
Sintra,2016,85.7
Vila Franca de Xira,2016,123.0
Alcácer do Sal,2016,58.1
Grândola,2016,45.7
Odemira,2016,75.0
Santiago do Cacém,2016,96.2
Sines,2016,112.1
Aljustrel,2016,122.2
Almodôvar,2016,111.1
Alvito,2016,100.0
Barrancos,2016,25.0
Beja,2016,65.6
Castro Verde,2016,118.2
Cuba,2016,66.7
Ferreira do Alentejo,2016,70.0
Mértola,2016,26.7
Moura,2016,93.5
Ourique,2016,62.5
Serpa,2016,117.2
Vidigueira,2016,38.5
Almeirim,2016,101.8
Alpiarça,2016,157.1
Azambuja,2016,66.7
Benavente,2016,116.9
Cartaxo,2016,103.2
Chamusca,2016,106.3
Coruche,2016,90.0
Golegã,2016,47.4
Rio Maior,2016,91.4
Salvaterra de Magos,2016,106.1
Santarém,2016,100.0
Alter do Chão,2016,58.3
Arronches,2016,33.3
Avis,2016,36.4
Campo Maior,2016,84.2
Castelo de Vide,2016,160.0
Crato,2016,200.0
Elvas,2016,76.9
Fronteira,2016,83.3
Gavião,2016,250.0
Marvão,2016,250.0
Monforte,2016,66.7
Nisa,2016,80.0
Ponte de Sor,2016,87.9
Portalegre,2016,55.9
Sousel,2016,128.6
Alandroal,2016,44.4
Arraiolos,2016,78.6
Borba,2016,60.0
Estremoz,2016,55.9
Évora,2016,65.4
Montemor-o-Novo,2016,122.2
Mora,2016,166.7
Mourão,2016,50.0
Portel,2016,87.5
Redondo,2016,107.1
Reguengos de Monsaraz,2016,100.0
Vendas Novas,2016,111.5
Viana do Alentejo,2016,66.7
Vila Viçosa,2016,57.6
Albufeira,2016,39.0
Alcoutim,2016,14.3
Aljezur,2016,15.8
Castro Marim,2016,8.7
Faro,2016,85.3
Lagoa,2016,41.9
Lagos,2016,47.8
Loulé,2016,50.3
Monchique,2016,35.0
Olhão,2016,99.0
Portimão,2016,90.1
São Brás de Alportel,2016,14.9
Silves,2016,76.5
Tavira,2016,83.3
Vila do Bispo,2016,29.6
Vila Real de Santo António,2016,50.0
Vila do Porto,2016,86.7
Lagoa [R.A.A.],2016,107.5
Nordeste,2016,75.0
Ponta Delgada,2016,72.5
Povoação,2016,48.1
Ribeira Grande,2016,60.4
Vila Franca do Campo,2016,80.8
Angra do Heroísmo,2016,45.9
Vila da Praia da Vitória,2016,81.0
Santa Cruz da Graciosa,2016,60.0
Calheta [R.A.A.],2016,75.0
Velas,2016,72.7
Lajes do Pico,2016,100.0
Madalena,2016,30.4
São Roque do Pico,2016,260.0
Horta,2016,95.0
Lajes das Flores,2016,350.0
Santa Cruz das Flores,2016,22.2
Corvo,2016,
Calheta [R.A.M.],2016,50.0
Câmara de Lobos,2016,113.4
Funchal,2016,64.5
Machico,2016,85.7
Ponta do Sol,2016,71.0
Porto Moniz,2016,
Ribeira Brava,2016,36.2
Santa Cruz,2016,108.6
Santana,2016,130.8
São Vicente,2016,105.9
Porto Santo,2016,50.0
Arcos de Valdevez,2017,33.8
Caminha,2017,46.0
Melgaço,2017,83.3
Monção,2017,56.1
Paredes de Coura,2017,71.4
Ponte da Barca,2017,50.0
Ponte de Lima,2017,38.2
Valença,2017,122.6
Viana do Castelo,2017,65.8
Vila Nova de Cerveira,2017,32.3
Amares,2017,29.8
Barcelos,2017,51.8
Braga,2017,64.1
Esposende,2017,56.4
Terras de Bouro,2017,55.6
Vila Verde,2017,44.6
Cabeceiras de Basto,2017,40.7
Fafe,2017,55.4
Guimarães,2017,72.8
Mondim de Basto,2017,71.4
Póvoa de Lanhoso,2017,89.5
Vieira do Minho,2017,54.5
Vila Nova de Famalicão,2017,85.0
Vizela,2017,76.1
Arouca,2017,57.4
Espinho,2017,31.7
Gondomar,2017,86.6
Maia,2017,76.5
Matosinhos,2017,77.7
Oliveira de Azeméis,2017,80.4
Paredes,2017,94.4
Porto,2017,52.8
Póvoa de Varzim,2017,44.2
Santa Maria da Feira,2017,93.1
Santo Tirso,2017,53.6
São João da Madeira,2017,40.3
Trofa,2017,56.8
Vale de Cambra,2017,41.6
Valongo,2017,71.3
Vila do Conde,2017,45.0
Vila Nova de Gaia,2017,92.3
Boticas,2017,28.6
Chaves,2017,71.4
Montalegre,2017,30.3
Ribeira de Pena,2017,30.8
Valpaços,2017,61.2
Vila Pouca de Aguiar,2017,56.4
Amarante,2017,51.4
Baião,2017,65.2
Castelo de Paiva,2017,53.8
Celorico de Basto,2017,28.8
Cinfães,2017,83.3
Felgueiras,2017,49.8
Lousada,2017,42.4
Marco de Canaveses,2017,52.3
Paços de Ferreira,2017,43.5
Penafiel,2017,57.3
Resende,2017,73.0
Alijó,2017,48.3
Armamar,2017,92.9
Carrazeda de Ansiães,2017,100.0
Freixo de Espada à Cinta,2017,100.0
Lamego,2017,46.6
Mesão Frio,2017,50.0
Moimenta da Beira,2017,45.0
Murça,2017,66.7
Penedono,2017,116.7
Peso da Régua,2017,53.8
Sabrosa,2017,50.0
Santa Marta de Penaguião,2017,50.0
São João da Pesqueira,2017,90.0
Sernancelhe,2017,61.5
Tabuaço,2017,75.0
Tarouca,2017,95.8
Torre de Moncorvo,2017,150.0
Vila Nova de Foz Côa,2017,83.3
Vila Real,2017,61.3
Alfândega da Fé,2017,42.9
Bragança,2017,59.7
Macedo de Cavaleiros,2017,61.5
Miranda do Douro,2017,112.5
Mirandela,2017,87.5
Mogadouro,2017,80.0
Vila Flor,2017,120.0
Vimioso,2017,23.1
Vinhais,2017,109.1
Alcobaça,2017,89.5
Alenquer,2017,44.6
Arruda dos Vinhos,2017,43.1
Bombarral,2017,83.3
Cadaval,2017,57.1
Caldas da Rainha,2017,75.6
Lourinhã,2017,52.1
Nazaré,2017,20.7
Óbidos,2017,48.5
Peniche,2017,48.9
Sobral de Monte Agraço,2017,43.1
Torres Vedras,2017,59.9
Águeda,2017,77.1
Albergaria-a-Velha,2017,86.6
Anadia,2017,58.0
Aveiro,2017,52.3
Estarreja,2017,49.0
Ílhavo,2017,105.8
Murtosa,2017,33.3
Oliveira do Bairro,2017,55.3
Ovar,2017,83.9
Sever do Vouga,2017,60.6
Vagos,2017,45.5
Arganil,2017,60.0
Cantanhede,2017,68.6
Coimbra,2017,51.8
Condeixa-a-Nova,2017,88.9
Figueira da Foz,2017,72.7
Góis,2017,80.0
Lousã,2017,90.7
Mealhada,2017,138.1
Mira,2017,47.9
Miranda do Corvo,2017,82.4
Montemor-o-Velho,2017,54.8
Mortágua,2017,45.2
Oliveira do Hospital,2017,58.3
Pampilhosa da Serra,2017,150.0
Penacova,2017,57.6
Penela,2017,125.0
Soure,2017,71.4
Tábua,2017,41.7
Vila Nova de Poiares,2017,69.2
Alvaiázere,2017,41.7
Ansião,2017,73.5
Batalha,2017,39.8
Castanheira de Pêra,2017,250.0
Figueiró dos Vinhos,2017,50.0
Leiria,2017,65.2
Marinha Grande,2017,109.3
Pedrógão Grande,2017,120.0
Pombal,2017,72.4
Porto de Mós,2017,72.9
Aguiar da Beira,2017,7.1
Carregal do Sal,2017,82.6
Castro Daire,2017,33.3
Mangualde,2017,51.9
Nelas,2017,65.8
Oliveira de Frades,2017,31.0
Penalva do Castelo,2017,50.0
Santa Comba Dão,2017,51.5
São Pedro do Sul,2017,60.0
Sátão,2017,34.0
Tondela,2017,73.2
Vila Nova de Paiva,2017,33.3
Viseu,2017,71.9
Vouzela,2017,56.0
Castelo Branco,2017,69.0
Idanha-a-Nova,2017,37.5
Oleiros,2017,41.7
Penamacor,2017,133.3
Proença-a-Nova,2017,58.8
Vila Velha de Ródão,2017,66.7
Abrantes,2017,81.8
Alcanena,2017,84.8
Constância,2017,33.3
Entroncamento,2017,165.6
Ferreira do Zêzere,2017,105.9
Mação,2017,110.0
Ourém,2017,50.9
Sardoal,2017,30.0
Sertã,2017,46.0
Tomar,2017,63.2
Torres Novas,2017,117.5
Vila de Rei,2017,128.6
Vila Nova da Barquinha,2017,41.5
Almeida,2017,66.7
Belmonte,2017,68.8
Celorico da Beira,2017,60.9
Covilhã,2017,86.2
Figueira de Castelo Rodrigo,2017,40.0
Fornos de Algodres,2017,17.6
Fundão,2017,73.7
Gouveia,2017,64.3
Guarda,2017,47.0
Manteigas,2017,27.3
Mêda,2017,28.6
Pinhel,2017,73.7
Sabugal,2017,47.4
Seia,2017,74.6
Trancoso,2017,65.0
Alcochete,2017,37.1
Almada,2017,70.1
Amadora,2017,116.2
Barreiro,2017,74.0
Cascais,2017,97.9
Lisboa,2017,32.1
Loures,2017,64.0
Mafra,2017,49.5
Moita,2017,112.9
Montijo,2017,105.8
Odivelas,2017,
Oeiras,2017,85.0
Palmela,2017,67.1
Seixal,2017,108.9
Sesimbra,2017,61.5
Setúbal,2017,82.0
Sintra,2017,70.0
Vila Franca de Xira,2017,93.8
Alcácer do Sal,2017,51.7
Grândola,2017,82.1
Odemira,2017,100.0
Santiago do Cacém,2017,75.4
Sines,2017,42.1
Aljustrel,2017,155.6
Almodôvar,2017,83.3
Alvito,2017,71.4
Barrancos,2017,80.0
Beja,2017,64.3
Castro Verde,2017,40.0
Cuba,2017,38.5
Ferreira do Alentejo,2017,42.1
Mértola,2017,12.5
Moura,2017,60.8
Ourique,2017,16.7
Serpa,2017,110.5
Vidigueira,2017,57.1
Almeirim,2017,89.3
Alpiarça,2017,123.1
Azambuja,2017,91.1
Benavente,2017,82.0
Cartaxo,2017,84.6
Chamusca,2017,187.5
Coruche,2017,82.4
Golegã,2017,93.3
Rio Maior,2017,58.7
Salvaterra de Magos,2017,100.0
Santarém,2017,70.7
Alter do Chão,2017,45.5
Arronches,2017,60.0
Avis,2017,70.0
Campo Maior,2017,90.9
Castelo de Vide,2017,57.1
Crato,2017,20.0
Elvas,2017,86.2
Fronteira,2017,120.0
Gavião,2017,266.7
Marvão,2017,400.0
Monforte,2017,85.7
Nisa,2017,53.3
Ponte de Sor,2017,83.3
Portalegre,2017,74.6
Sousel,2017,120.0
Alandroal,2017,30.0
Arraiolos,2017,44.4
Borba,2017,116.7
Estremoz,2017,39.5
Évora,2017,44.7
Montemor-o-Novo,2017,60.9
Mora,2017,50.0
Mourão,2017,44.4
Portel,2017,78.6
Redondo,2017,62.5
Reguengos de Monsaraz,2017,70.0
Vendas Novas,2017,88.9
Viana do Alentejo,2017,42.9
Vila Viçosa,2017,28.1
Albufeira,2017,44.3
Alcoutim,2017,0.0
Aljezur,2017,29.2
Castro Marim,2017,15.3
Faro,2017,57.0
Lagoa,2017,54.2
Lagos,2017,52.9
Loulé,2017,49.4
Monchique,2017,24.0
Olhão,2017,126.3
Portimão,2017,83.4
São Brás de Alportel,2017,11.0
Silves,2017,66.9
Tavira,2017,100.0
Vila do Bispo,2017,14.6
Vila Real de Santo António,2017,64.2
Vila do Porto,2017,66.7
Lagoa [R.A.A.],2017,29.0
Nordeste,2017,33.3
Ponta Delgada,2017,78.2
Povoação,2017,72.0
Ribeira Grande,2017,89.5
Vila Franca do Campo,2017,25.0
Angra do Heroísmo,2017,57.2
Vila da Praia da Vitória,2017,105.8
Santa Cruz da Graciosa,2017,133.3
Calheta [R.A.A.],2017,125.0
Velas,2017,33.3
Lajes do Pico,2017,69.2
Madalena,2017,58.8
São Roque do Pico,2017,120.0
Horta,2017,82.2
Lajes das Flores,2017,77.8
Santa Cruz das Flores,2017,66.7
Corvo,2017,100.0
Calheta [R.A.M.],2017,42.9
Câmara de Lobos,2017,85.7
Funchal,2017,52.1
Machico,2017,61.9
Ponta do Sol,2017,43.2
Porto Moniz,2017,350.0
Ribeira Brava,2017,49.1
Santa Cruz,2017,64.4
Santana,2017,42.9
São Vicente,2017,66.7
Porto Santo,2017,75.0
Arcos de Valdevez,2018,65.1
Caminha,2018,53.2
Melgaço,2018,33.3
Monção,2018,97.4
Paredes de Coura,2018,66.7
Ponte da Barca,2018,50.0
Ponte de Lima,2018,52.1
Valença,2018,191.7
Viana do Castelo,2018,49.4
Vila Nova de Cerveira,2018,41.7
Amares,2018,36.1
Barcelos,2018,53.0
Braga,2018,51.3
Esposende,2018,60.9
Terras de Bouro,2018,76.9
Vila Verde,2018,44.5
Cabeceiras de Basto,2018,46.4
Fafe,2018,61.9
Guimarães,2018,84.9
Mondim de Basto,2018,46.4
Póvoa de Lanhoso,2018,55.1
Vieira do Minho,2018,63.9
Vila Nova de Famalicão,2018,60.0
Vizela,2018,51.9
Arouca,2018,40.0
Espinho,2018,25.2
Gondomar,2018,81.0
Maia,2018,78.5
Matosinhos,2018,73.9
Oliveira de Azeméis,2018,84.5
Paredes,2018,76.9
Porto,2018,48.4
Póvoa de Varzim,2018,43.9
Santa Maria da Feira,2018,69.8
Santo Tirso,2018,50.5
São João da Madeira,2018,44.0
Trofa,2018,51.6
Vale de Cambra,2018,34.5
Valongo,2018,53.1
Vila do Conde,2018,42.4
Vila Nova de Gaia,2018,81.5
Boticas,2018,0.0
Chaves,2018,66.4
Montalegre,2018,53.6
Ribeira de Pena,2018,44.0
Valpaços,2018,52.6
Vila Pouca de Aguiar,2018,45.2
Amarante,2018,42.7
Baião,2018,43.5
Castelo de Paiva,2018,51.0
Celorico de Basto,2018,62.2
Cinfães,2018,116.2
Felgueiras,2018,49.0
Lousada,2018,43.4
Marco de Canaveses,2018,54.3
Paços de Ferreira,2018,46.2
Penafiel,2018,48.7
Resende,2018,35.7
Alijó,2018,126.3
Armamar,2018,180.0
Carrazeda de Ansiães,2018,75.0
Freixo de Espada à Cinta,2018,55.6
Lamego,2018,33.6
Mesão Frio,2018,63.6
Moimenta da Beira,2018,48.1
Murça,2018,80.0
Penedono,2018,8.3
Peso da Régua,2018,53.8
Sabrosa,2018,23.1
Santa Marta de Penaguião,2018,55.0
São João da Pesqueira,2018,57.1
Sernancelhe,2018,27.8
Tabuaço,2018,81.3
Tarouca,2018,70.4
Torre de Moncorvo,2018,71.4
Vila Nova de Foz Côa,2018,46.7
Vila Real,2018,57.2
Alfândega da Fé,2018,275.0
Bragança,2018,51.4
Macedo de Cavaleiros,2018,32.8
Miranda do Douro,2018,52.6
Mirandela,2018,123.3
Mogadouro,2018,53.6
Vila Flor,2018,82.4
Vimioso,2018,57.1
Vinhais,2018,73.3
Alcobaça,2018,82.4
Alenquer,2018,34.6
Arruda dos Vinhos,2018,32.1
Bombarral,2018,67.3
Cadaval,2018,51.9
Caldas da Rainha,2018,62.3
Lourinhã,2018,58.1
Nazaré,2018,31.9
Óbidos,2018,27.6
Peniche,2018,58.0
Sobral de Monte Agraço,2018,20.3
Torres Vedras,2018,56.3
Águeda,2018,75.0
Albergaria-a-Velha,2018,60.5
Anadia,2018,104.5
Aveiro,2018,50.3
Estarreja,2018,48.8
Ílhavo,2018,120.3
Murtosa,2018,38.5
Oliveira do Bairro,2018,70.6
Ovar,2018,76.4
Sever do Vouga,2018,56.3
Vagos,2018,38.6
Arganil,2018,37.9
Cantanhede,2018,47.5
Coimbra,2018,59.6
Condeixa-a-Nova,2018,63.8
Figueira da Foz,2018,51.2
Góis,2018,400.0
Lousã,2018,95.5
Mealhada,2018,127.0
Mira,2018,97.1
Miranda do Corvo,2018,63.0
Montemor-o-Velho,2018,39.2
Mortágua,2018,47.1
Oliveira do Hospital,2018,83.7
Pampilhosa da Serra,2018,66.7
Penacova,2018,62.5
Penela,2018,62.5
Soure,2018,63.2
Tábua,2018,75.9
Vila Nova de Poiares,2018,76.5
Alvaiázere,2018,52.6
Ansião,2018,72.4
Batalha,2018,48.8
Castanheira de Pêra,2018,33.3
Figueiró dos Vinhos,2018,40.0
Leiria,2018,69.1
Marinha Grande,2018,89.4
Pedrógão Grande,2018,40.0
Pombal,2018,53.7
Porto de Mós,2018,40.7
Aguiar da Beira,2018,16.7
Carregal do Sal,2018,66.7
Castro Daire,2018,36.8
Mangualde,2018,78.3
Nelas,2018,42.9
Oliveira de Frades,2018,42.5
Penalva do Castelo,2018,32.5
Santa Comba Dão,2018,38.0
São Pedro do Sul,2018,41.7
Sátão,2018,26.5
Tondela,2018,59.8
Vila Nova de Paiva,2018,58.3
Viseu,2018,60.1
Vouzela,2018,76.0
Castelo Branco,2018,64.6
Idanha-a-Nova,2018,105.9
Oleiros,2018,100.0
Penamacor,2018,150.0
Proença-a-Nova,2018,61.5
Vila Velha de Ródão,2018,50.0
Abrantes,2018,56.5
Alcanena,2018,63.6
Constância,2018,50.0
Entroncamento,2018,145.5
Ferreira do Zêzere,2018,46.7
Mação,2018,100.0
Ourém,2018,38.0
Sardoal,2018,33.3
Sertã,2018,31.3
Tomar,2018,71.6
Torres Novas,2018,115.2
Vila de Rei,2018,133.3
Vila Nova da Barquinha,2018,29.4
Almeida,2018,33.3
Belmonte,2018,118.8
Celorico da Beira,2018,68.0
Covilhã,2018,86.9
Figueira de Castelo Rodrigo,2018,55.6
Fornos de Algodres,2018,83.3
Fundão,2018,66.7
Gouveia,2018,70.8
Guarda,2018,49.4
Manteigas,2018,20.0
Mêda,2018,18.8
Pinhel,2018,38.9
Sabugal,2018,78.6
Seia,2018,54.8
Trancoso,2018,100.0
Alcochete,2018,32.3
Almada,2018,54.8
Amadora,2018,86.8
Barreiro,2018,81.2
Cascais,2018,76.9
Lisboa,2018,31.7
Loures,2018,63.3
Mafra,2018,42.3
Moita,2018,80.6
Montijo,2018,93.5
Odivelas,2018,
Oeiras,2018,74.1
Palmela,2018,65.7
Seixal,2018,117.9
Sesimbra,2018,56.2
Setúbal,2018,61.7
Sintra,2018,66.9
Vila Franca de Xira,2018,81.4
Alcácer do Sal,2018,78.3
Grândola,2018,52.1
Odemira,2018,84.2
Santiago do Cacém,2018,79.3
Sines,2018,43.4
Aljustrel,2018,47.8
Almodôvar,2018,50.0
Alvito,2018,28.6
Barrancos,2018,100.0
Beja,2018,58.1
Castro Verde,2018,80.0
Cuba,2018,60.0
Ferreira do Alentejo,2018,92.9
Mértola,2018,14.3
Moura,2018,49.0
Ourique,2018,183.3
Serpa,2018,82.4
Vidigueira,2018,90.0
Almeirim,2018,86.4
Alpiarça,2018,214.3
Azambuja,2018,46.8
Benavente,2018,72.1
Cartaxo,2018,67.2
Chamusca,2018,78.9
Coruche,2018,87.5
Golegã,2018,34.6
Rio Maior,2018,45.7
Salvaterra de Magos,2018,74.1
Santarém,2018,63.6
Alter do Chão,2018,23.1
Arronches,2018,83.3
Avis,2018,57.1
Campo Maior,2018,50.0
Castelo de Vide,2018,50.0
Crato,2018,66.7
Elvas,2018,81.7
Fronteira,2018,100.0
Gavião,2018,450.0
Marvão,2018,50.0
Monforte,2018,42.9
Nisa,2018,77.8
Ponte de Sor,2018,112.5
Portalegre,2018,70.3
Sousel,2018,27.3
Alandroal,2018,20.0
Arraiolos,2018,35.7
Borba,2018,66.7
Estremoz,2018,78.6
Évora,2018,52.3
Montemor-o-Novo,2018,39.6
Mora,2018,19.0
Mourão,2018,75.0
Portel,2018,37.5
Redondo,2018,63.6
Reguengos de Monsaraz,2018,87.5
Vendas Novas,2018,63.0
Viana do Alentejo,2018,40.0
Vila Viçosa,2018,52.6
Albufeira,2018,39.7
Alcoutim,2018,5.7
Aljezur,2018,15.2
Castro Marim,2018,16.0
Faro,2018,56.6
Lagoa,2018,33.0
Lagos,2018,53.2
Loulé,2018,42.3
Monchique,2018,6.3
Olhão,2018,86.7
Portimão,2018,71.0
São Brás de Alportel,2018,8.7
Silves,2018,43.5
Tavira,2018,69.4
Vila do Bispo,2018,14.9
Vila Real de Santo António,2018,111.9
Vila do Porto,2018,41.2
Lagoa [R.A.A.],2018,31.0
Nordeste,2018,107.1
Ponta Delgada,2018,65.4
Povoação,2018,30.3
Ribeira Grande,2018,63.2
Vila Franca do Campo,2018,103.4
Angra do Heroísmo,2018,47.8
Vila da Praia da Vitória,2018,62.3
Santa Cruz da Graciosa,2018,137.5
Calheta [R.A.A.],2018,44.4
Velas,2018,16.7
Lajes do Pico,2018,78.6
Madalena,2018,131.6
São Roque do Pico,2018,80.0
Horta,2018,72.0
Lajes das Flores,2018,33.3
Santa Cruz das Flores,2018,71.4
Corvo,2018,
Calheta [R.A.M.],2018,27.4
Câmara de Lobos,2018,81.9
Funchal,2018,54.4
Machico,2018,98.0
Ponta do Sol,2018,30.0
Porto Moniz,2018,
Ribeira Brava,2018,49.2
Santa Cruz,2018,85.9
Santana,2018,107.1
São Vicente,2018,106.7
Porto Santo,2018,32.0
Arcos de Valdevez,2019,62.5
Caminha,2019,97.6
Melgaço,2019,40.9
Monção,2019,81.1
Paredes de Coura,2019,118.2
Ponte da Barca,2019,45.7
Ponte de Lima,2019,36.2
Valença,2019,117.2
Viana do Castelo,2019,80.8
Vila Nova de Cerveira,2019,46.7
Amares,2019,46.2
Barcelos,2019,60.4
Braga,2019,58.6
Esposende,2019,33.8
Terras de Bouro,2019,41.2
Vila Verde,2019,47.1
Cabeceiras de Basto,2019,41.3
Fafe,2019,55.3
Guimarães,2019,114.7
Mondim de Basto,2019,41.4
Póvoa de Lanhoso,2019,74.6
Vieira do Minho,2019,40.0
Vila Nova de Famalicão,2019,79.6
Vizela,2019,55.6
Arouca,2019,66.0
Espinho,2019,30.3
Gondomar,2019,99.3
Maia,2019,86.7
Matosinhos,2019,82.2
Oliveira de Azeméis,2019,82.7
Paredes,2019,81.0
Porto,2019,43.2
Póvoa de Varzim,2019,35.1
Santa Maria da Feira,2019,68.9
Santo Tirso,2019,60.5
São João da Madeira,2019,38.6
Trofa,2019,43.8
Vale de Cambra,2019,40.4
Valongo,2019,66.1
Vila do Conde,2019,53.6
Vila Nova de Gaia,2019,82.6
Boticas,2019,42.9
Chaves,2019,59.5
Montalegre,2019,54.3
Ribeira de Pena,2019,36.8
Valpaços,2019,63.6
Vila Pouca de Aguiar,2019,65.2
Amarante,2019,52.7
Baião,2019,43.7
Castelo de Paiva,2019,56.6
Celorico de Basto,2019,42.0
Cinfães,2019,76.1
Felgueiras,2019,38.8
Lousada,2019,51.7
Marco de Canaveses,2019,59.4
Paços de Ferreira,2019,40.7
Penafiel,2019,51.2
Resende,2019,50.0
Alijó,2019,135.7
Armamar,2019,100.0
Carrazeda de Ansiães,2019,111.1
Freixo de Espada à Cinta,2019,140.0
Lamego,2019,58.0
Mesão Frio,2019,20.0
Moimenta da Beira,2019,21.1
Murça,2019,33.3
Penedono,2019,57.1
Peso da Régua,2019,50.7
Sabrosa,2019,109.1
Santa Marta de Penaguião,2019,100.0
São João da Pesqueira,2019,58.8
Sernancelhe,2019,68.8
Tabuaço,2019,28.6
Tarouca,2019,104.8
Torre de Moncorvo,2019,111.1
Vila Nova de Foz Côa,2019,100.0
Vila Real,2019,77.1
Alfândega da Fé,2019,41.7
Bragança,2019,54.8
Macedo de Cavaleiros,2019,66.7
Miranda do Douro,2019,62.5
Mirandela,2019,148.6
Mogadouro,2019,66.7
Vila Flor,2019,41.7
Vimioso,2019,66.7
Vinhais,2019,76.9
Alcobaça,2019,71.1
Alenquer,2019,33.2
Arruda dos Vinhos,2019,38.8
Bombarral,2019,42.4
Cadaval,2019,63.3
Caldas da Rainha,2019,69.3
Lourinhã,2019,61.4
Nazaré,2019,26.1
Óbidos,2019,22.9
Peniche,2019,41.5
Sobral de Monte Agraço,2019,44.4
Torres Vedras,2019,52.4
Águeda,2019,87.3
Albergaria-a-Velha,2019,55.3
Anadia,2019,55.0
Aveiro,2019,48.9
Estarreja,2019,39.6
Ílhavo,2019,106.9
Murtosa,2019,23.8
Oliveira do Bairro,2019,56.3
Ovar,2019,75.5
Sever do Vouga,2019,94.7
Vagos,2019,44.8
Arganil,2019,66.7
Cantanhede,2019,55.2
Coimbra,2019,59.7
Condeixa-a-Nova,2019,82.2
Figueira da Foz,2019,53.6
Góis,2019,112.5
Lousã,2019,87.5
Mealhada,2019,57.1
Mira,2019,45.1
Miranda do Corvo,2019,84.0
Montemor-o-Velho,2019,56.3
Mortágua,2019,27.3
Oliveira do Hospital,2019,100.0
Pampilhosa da Serra,2019,50.0
Penacova,2019,71.9
Penela,2019,25.9
Soure,2019,71.4
Tábua,2019,109.5
Vila Nova de Poiares,2019,128.6
Alvaiázere,2019,76.9
Ansião,2019,25.9
Batalha,2019,23.1
Castanheira de Pêra,2019,85.7
Figueiró dos Vinhos,2019,75.0
Leiria,2019,58.1
Marinha Grande,2019,104.5
Pedrógão Grande,2019,166.7
Pombal,2019,65.0
Porto de Mós,2019,65.4
Aguiar da Beira,2019,24.1
Carregal do Sal,2019,105.9
Castro Daire,2019,42.4
Mangualde,2019,44.3
Nelas,2019,59.0
Oliveira de Frades,2019,48.6
Penalva do Castelo,2019,25.0
Santa Comba Dão,2019,50.0
São Pedro do Sul,2019,73.3
Sátão,2019,37.2
Tondela,2019,45.8
Vila Nova de Paiva,2019,39.1
Viseu,2019,93.6
Vouzela,2019,84.2
Castelo Branco,2019,60.1
Idanha-a-Nova,2019,71.4
Oleiros,2019,66.7
Penamacor,2019,300.0
Proença-a-Nova,2019,88.9
Vila Velha de Ródão,2019,500.0
Abrantes,2019,100.0
Alcanena,2019,77.4
Constância,2019,23.1
Entroncamento,2019,196.7
Ferreira do Zêzere,2019,37.0
Mação,2019,90.0
Ourém,2019,53.1
Sardoal,2019,80.0
Sertã,2019,50.9
Tomar,2019,61.9
Torres Novas,2019,90.1
Vila de Rei,2019,50.0
Vila Nova da Barquinha,2019,17.6
Almeida,2019,66.7
Belmonte,2019,33.3
Celorico da Beira,2019,90.0
Covilhã,2019,94.3
Figueira de Castelo Rodrigo,2019,80.0
Fornos de Algodres,2019,133.3
Fundão,2019,71.6
Gouveia,2019,65.6
Guarda,2019,66.4
Manteigas,2019,40.0
Mêda,2019,64.3
Pinhel,2019,22.7
Sabugal,2019,35.0
Seia,2019,87.5
Trancoso,2019,38.9
Alcochete,2019,35.8
Almada,2019,69.2
Amadora,2019,115.1
Barreiro,2019,73.1
Cascais,2019,82.5
Lisboa,2019,32.7
Loures,2019,103.3
Mafra,2019,51.3
Moita,2019,81.8
Montijo,2019,69.6
Odivelas,2019,
Oeiras,2019,66.7
Palmela,2019,57.6
Seixal,2019,109.3
Sesimbra,2019,42.2
Setúbal,2019,53.9
Sintra,2019,66.2
Vila Franca de Xira,2019,89.3
Alcácer do Sal,2019,54.5
Grândola,2019,52.4
Odemira,2019,112.5
Santiago do Cacém,2019,91.7
Sines,2019,39.7
Aljustrel,2019,46.2
Almodôvar,2019,100.0
Alvito,2019,0.0
Barrancos,2019,
Beja,2019,70.4
Castro Verde,2019,57.1
Cuba,2019,50.0
Ferreira do Alentejo,2019,66.7
Mértola,2019,38.5
Moura,2019,70.6
Ourique,2019,33.3
Serpa,2019,73.9
Vidigueira,2019,10.5
Almeirim,2019,86.9
Alpiarça,2019,87.5
Azambuja,2019,56.1
Benavente,2019,65.1
Cartaxo,2019,95.5
Chamusca,2019,142.9
Coruche,2019,82.6
Golegã,2019,13.9
Rio Maior,2019,46.6
Salvaterra de Magos,2019,81.4
Santarém,2019,60.2
Alter do Chão,2019,36.4
Arronches,2019,16.7
Avis,2019,166.7
Campo Maior,2019,55.2
Castelo de Vide,2019,66.7
Crato,2019,125.0
Elvas,2019,54.2
Fronteira,2019,25.0
Gavião,2019,70.0
Marvão,2019,71.4
Monforte,2019,37.5
Nisa,2019,166.7
Ponte de Sor,2019,70.0
Portalegre,2019,93.5
Sousel,2019,50.0
Alandroal,2019,33.3
Arraiolos,2019,81.0
Borba,2019,65.0
Estremoz,2019,68.4
Évora,2019,55.7
Montemor-o-Novo,2019,26.7
Mora,2019,16.7
Mourão,2019,62.5
Portel,2019,27.3
Redondo,2019,38.9
Reguengos de Monsaraz,2019,100.0
Vendas Novas,2019,72.0
Viana do Alentejo,2019,30.4
Vila Viçosa,2019,23.7
Albufeira,2019,50.8
Alcoutim,2019,6.1
Aljezur,2019,20.0
Castro Marim,2019,13.2
Faro,2019,53.5
Lagoa,2019,43.6
Lagos,2019,63.2
Loulé,2019,44.9
Monchique,2019,10.0
Olhão,2019,128.1
Portimão,2019,88.1
São Brás de Alportel,2019,7.5
Silves,2019,64.0
Tavira,2019,94.8
Vila do Bispo,2019,5.6
Vila Real de Santo António,2019,85.4
Vila do Porto,2019,76.5
Lagoa [R.A.A.],2019,26.3
Nordeste,2019,26.7
Ponta Delgada,2019,62.5
Povoação,2019,86.7
Ribeira Grande,2019,81.2
Vila Franca do Campo,2019,41.2
Angra do Heroísmo,2019,65.9
Vila da Praia da Vitória,2019,81.0
Santa Cruz da Graciosa,2019,62.5
Calheta [R.A.A.],2019,183.3
Velas,2019,66.7
Lajes do Pico,2019,27.3
Madalena,2019,52.0
São Roque do Pico,2019,120.0
Horta,2019,58.1
Lajes das Flores,2019,125.0
Santa Cruz das Flores,2019,233.3
Corvo,2019,
Calheta [R.A.M.],2019,27.5
Câmara de Lobos,2019,66.7
Funchal,2019,51.1
Machico,2019,53.7
Ponta do Sol,2019,42.5
Porto Moniz,2019,133.3
Ribeira Brava,2019,94.1
Santa Cruz,2019,77.1
Santana,2019,62.5
São Vicente,2019,43.8
Porto Santo,2019,28.6
