Year,Municipality,GER
2009,Arcos de Valdevez,183.7
2009,Caminha,277.7
2009,Melgaço,114.1
2009,Monção,189.1
2009,Paredes de Coura,117.1
2009,Ponte da Barca,95.2
2009,Ponte de Lima,109.2
2009,Valença,105.1
2009,Viana do Castelo,168.3
2009,Vila Nova de Cerveira,229.5
2009,Boticas,13.0
2009,Chaves,244.8
2009,Montalegre,99.4
2009,Ribeira de Pena,68.3
2009,Valpaços,106.3
2009,Vila Pouca de Aguiar,64.1
2009,Arouca,124.8
2009,Espinho,239.9
2009,Santa Maria da Feira,119.4
2009,Oliveira de Azeméis,107.8
2009,São João da Madeira,358.5
2009,Vale de Cambra,105.5
2009,Gondomar,109.8
2009,Maia,102.8
2009,Matosinhos,119.3
2009,Paredes,90.8
2009,Porto,401.2
2009,Póvoa de Varzim,106.1
2009,Santo Tirso,144.5
2009,Valongo,119.6
2009,Vila do Conde,81.5
2009,Vila Nova de Gaia,115.8
2009,Trofa,131.7
2009,Mondim de Basto,73.4
2009,Cabeceiras de Basto,90.3
2009,Fafe,100.7
2009,Guimarães,99.0
2009,Póvoa de Lanhoso,113.9
2009,Vieira do Minho,94.8
2009,Vila Nova de Famalicão,150.0
2009,Vizela,117.6
2009,Amares,93.3
2009,Barcelos,94.5
2009,Braga,190.5
2009,Esposende,119.5
2009,Terras de Bouro,89.0
2009,Vila Verde,122.7
2009,Alijó,64.5
2009,Mesão Frio,133.5
2009,Murça,146.9
2009,Peso da Régua,181.8
2009,Sabrosa,302.8
2009,Santa Marta de Penaguião,11.1
2009,Vila Real,237.7
2009,Armamar,25.2
2009,Lamego,172.0
2009,Moimenta da Beira,318.2
2009,Penedono,
2009,São João da Pesqueira,300.3
2009,Sernancelhe,102.7
2009,Tabuaço,76.0
2009,Tarouca,80.4
2009,Carrazeda de Ansiães,128.4
2009,Freixo de Espada à Cinta,17.6
2009,Torre de Moncorvo,106.7
2009,Vila Nova de Foz Côa,91.5
2009,Castelo de Paiva,114.8
2009,Amarante,148.9
2009,Baião,95.8
2009,Felgueiras,112.6
2009,Lousada,83.1
2009,Marco de Canaveses,89.7
2009,Paços de Ferreira,73.6
2009,Penafiel,111.6
2009,Cinfães,103.1
2009,Resende,93.6
2009,Celorico de Basto,159.7
2009,Alfândega da Fé,105.2
2009,Bragança,383.8
2009,Macedo de Cavaleiros,150.7
2009,Miranda do Douro,265.5
2009,Mirandela,198.0
2009,Mogadouro,92.5
2009,Vila Flor,84.8
2009,Vimioso,
2009,Vinhais,100.5
2009,Castelo Branco,265.2
2009,Idanha-a-Nova,267.1
2009,Oleiros,40.5
2009,Penamacor,96.8
2009,Proença-a-Nova,101.9
2009,Vila Velha de Ródão,
2009,Belmonte,46.5
2009,Covilhã,193.0
2009,Fundão,160.5
2009,Almeida,91.3
2009,Celorico da Beira,69.3
2009,Figueira de Castelo Rodrigo,104.9
2009,Fornos de Algodres,93.7
2009,Gouveia,159.6
2009,Guarda,216.3
2009,Manteigas,152.4
2009,Meda,77.9
2009,Pinhel,88.8
2009,Sabugal,64.0
2009,Seia,195.7
2009,Trancoso,248.4
2009,Abrantes,129.0
2009,Alcanena,109.6
2009,Constância,66.4
2009,Entroncamento,170.6
2009,Ferreira do Zêzere,69.8
2009,Mação,128.3
2009,Sardoal,100.9
2009,Tomar,255.3
2009,Torres Novas,167.5
2009,Vila Nova da Barquinha,58.5
2009,Ourém,152.6
2009,Sertã,203.0
2009,Vila de Rei,8.1
2009,Alcobaça,134.9
2009,Bombarral,97.8
2009,Caldas da Rainha,188.7
2009,Nazaré,95.9
2009,Óbidos,50.8
2009,Peniche,112.5
2009,Alenquer,83.6
2009,Arruda dos Vinhos,143.2
2009,Cadaval,89.1
2009,Lourinhã,102.9
2009,Sobral de Monte Agraço,71.3
2009,Torres Vedras,146.1
2009,Águeda,137.0
2009,Albergaria-a-Velha,106.8
2009,Anadia,97.4
2009,Aveiro,192.5
2009,Estarreja,104.1
2009,Ílhavo,87.1
2009,Murtosa,5.8
2009,Oliveira do Bairro,134.8
2009,Ovar,103.7
2009,Sever do Vouga,184.3
2009,Vagos,113.8
2009,Mealhada,117.9
2009,Mortágua,134.4
2009,Arganil,329.4
2009,Cantanhede,118.8
2009,Coimbra,259.0
2009,Condeixa-a-Nova,51.2
2009,Figueira da Foz,179.0
2009,Góis,
2009,Lousã,123.9
2009,Mira,81.9
2009,Miranda do Corvo,49.2
2009,Montemor-o-Velho,196.5
2009,Oliveira do Hospital,110.4
2009,Pampilhosa da Serra,23.8
2009,Penacova,84.4
2009,Penela,40.4
2009,Soure,276.6
2009,Tábua,68.0
2009,Vila Nova de Poiares,243.2
2009,Alvaiázere,78.0
2009,Ansião,258.9
2009,Batalha,112.2
2009,Castanheira de Pêra,
2009,Figueiró dos Vinhos,137.9
2009,Leiria,152.1
2009,Marinha Grande,234.9
2009,Pedrógão Grande,229.2
2009,Pombal,177.0
2009,Porto de Mós,100.7
2009,Carregal do Sal,74.2
2009,Castro Daire,101.7
2009,Mangualde,123.2
2009,Nelas,95.5
2009,Oliveira de Frades,136.5
2009,Penalva do Castelo,99.6
2009,Santa Comba Dão,190.6
2009,São Pedro do Sul,141.9
2009,Sátão,75.9
2009,Tondela,114.9
2009,Vila Nova de Paiva,56.3
2009,Viseu,184.0
2009,Vouzela,99.7
2009,Aguiar da Beira,76.3
2009,Cascais,149.8
2009,Lisboa,318.0
2009,Loures,98.9
2009,Mafra,90.0
2009,Oeiras,151.1
2009,Sintra,92.7
2009,Vila Franca de Xira,151.8
2009,Amadora,175.1
2009,Odivelas,137.8
2009,Alcochete,138.2
2009,Almada,146.2
2009,Barreiro,191.5
2009,Moita,67.8
2009,Montijo,137.7
2009,Palmela,121.1
2009,Seixal,122.7
2009,Sesimbra,83.4
2009,Setúbal,188.5
2009,Alandroal,51.6
2009,Arraiolos,189.8
2009,Borba,84.7
2009,Estremoz,222.3
2009,Évora,268.8
2009,Montemor-o-Novo,131.8
2009,Mora,106.2
2009,Mourão,
2009,Portel,35.6
2009,Redondo,92.0
2009,Reguengos de Monsaraz,168.0
2009,Vendas Novas,168.2
2009,Viana do Alentejo,204.6
2009,Vila Viçosa,189.4
2009,Alcácer do Sal,93.3
2009,Grândola,141.3
2009,Santiago do Cacém,229.0
2009,Sines,147.9
2009,Odemira,171.4
2009,Alter do Chão,241.9
2009,Arronches,42.2
2009,Avis,152.8
2009,Campo Maior,182.1
2009,Castelo de Vide,41.2
2009,Crato,75.6
2009,Elvas,169.4
2009,Fronteira,142.0
2009,Gavião,
2009,Marvão,40.2
2009,Monforte,
2009,Nisa,251.8
2009,Ponte de Sor,143.4
2009,Portalegre,319.4
2009,Sousel,76.9
2009,Aljustrel,245.1
2009,Almodôvar,178.7
2009,Alvito,252.5
2009,Barrancos,
2009,Beja,243.0
2009,Castro Verde,104.3
2009,Cuba,218.3
2009,Ferreira do Alentejo,106.8
2009,Mértola,227.6
2009,Moura,150.2
2009,Ourique,79.1
2009,Serpa,152.2
2009,Vidigueira,76.1
2009,Azambuja,86.8
2009,Almeirim,134.7
2009,Alpiarça,56.6
2009,Benavente,71.0
2009,Cartaxo,82.1
2009,Chamusca,62.3
2009,Coruche,147.4
2009,Golegã,31.7
2009,Rio Maior,128.9
2009,Salvaterra de Magos,213.6
2009,Santarém,235.0
2009,Albufeira,124.7
2009,Alcoutim,132.0
2009,Aljezur,
2009,Castro Marim,
2009,Faro,253.6
2009,Lagoa,53.9
2009,Lagos,182.1
2009,Loulé,144.3
2009,Monchique,
2009,Olhão,86.8
2009,Portimão,221.7
2009,São Brás de Alportel,204.2
2009,Silves,108.2
2009,Tavira,146.8
2009,Vila do Bispo,
2009,Vila Real de Santo António,203.2
2010,Arcos de Valdevez,169.1
2010,Caminha,252.4
2010,Melgaço,149.1
2010,Monção,188.4
2010,Paredes de Coura,139.8
2010,Ponte da Barca,94.9
2010,Ponte de Lima,112.8
2010,Valença,106.9
2010,Viana do Castelo,179.8
2010,Vila Nova de Cerveira,280.7
2010,Boticas,
2010,Chaves,199.4
2010,Montalegre,94.5
2010,Ribeira de Pena,114.4
2010,Valpaços,92.0
2010,Vila Pouca de Aguiar,92.4
2010,Arouca,112.4
2010,Espinho,254.4
2010,Santa Maria da Feira,117.7
2010,Oliveira de Azeméis,123.5
2010,São João da Madeira,359.6
2010,Vale de Cambra,106.2
2010,Gondomar,107.5
2010,Maia,94.9
2010,Matosinhos,122.2
2010,Paredes,88.7
2010,Porto,410.8
2010,Póvoa de Varzim,113.8
2010,Santo Tirso,152.8
2010,Valongo,121.5
2010,Vila do Conde,88.4
2010,Vila Nova de Gaia,123.7
2010,Trofa,122.2
2010,Mondim de Basto,102.4
2010,Cabeceiras de Basto,106.5
2010,Fafe,98.1
2010,Guimarães,96.4
2010,Póvoa de Lanhoso,116.3
2010,Vieira do Minho,90.6
2010,Vila Nova de Famalicão,157.0
2010,Vizela,117.9
2010,Amares,106.4
2010,Barcelos,104.2
2010,Braga,186.9
2010,Esposende,113.8
2010,Terras de Bouro,99.2
2010,Vila Verde,121.9
2010,Alijó,79.6
2010,Mesão Frio,146.0
2010,Murça,128.9
2010,Peso da Régua,199.3
2010,Sabrosa,284.6
2010,Santa Marta de Penaguião,4.6
2010,Vila Real,220.1
2010,Armamar,0.9
2010,Lamego,189.8
2010,Moimenta da Beira,233.6
2010,Penedono,2.1
2010,São João da Pesqueira,281.0
2010,Sernancelhe,122.1
2010,Tabuaço,73.4
2010,Tarouca,62.2
2010,Carrazeda de Ansiães,127.6
2010,Freixo de Espada à Cinta,
2010,Torre de Moncorvo,117.5
2010,Vila Nova de Foz Côa,87.0
2010,Castelo de Paiva,111.7
2010,Amarante,146.5
2010,Baião,86.9
2010,Felgueiras,163.4
2010,Lousada,85.6
2010,Marco de Canaveses,113.1
2010,Paços de Ferreira,80.1
2010,Penafiel,107.6
2010,Cinfães,92.9
2010,Resende,100.0
2010,Celorico de Basto,144.0
2010,Alfândega da Fé,97.2
2010,Bragança,270.7
2010,Macedo de Cavaleiros,135.7
2010,Miranda do Douro,205.0
2010,Mirandela,156.2
2010,Mogadouro,119.8
2010,Vila Flor,76.6
2010,Vimioso,
2010,Vinhais,80.7
2010,Castelo Branco,254.5
2010,Idanha-a-Nova,189.5
2010,Oleiros,48.1
2010,Penamacor,86.2
2010,Proença-a-Nova,97.7
2010,Vila Velha de Ródão,
2010,Belmonte,41.0
2010,Covilhã,195.1
2010,Fundão,125.6
2010,Almeida,93.3
2010,Celorico da Beira,114.5
2010,Figueira de Castelo Rodrigo,106.0
2010,Fornos de Algodres,125.2
2010,Gouveia,150.4
2010,Guarda,191.0
2010,Manteigas,156.7
2010,Meda,81.1
2010,Pinhel,120.0
2010,Sabugal,72.9
2010,Seia,175.7
2010,Trancoso,234.2
2010,Abrantes,247.3
2010,Alcanena,144.6
2010,Constância,68.6
2010,Entroncamento,167.3
2010,Ferreira do Zêzere,76.0
2010,Mação,301.3
2010,Sardoal,127.3
2010,Tomar,192.7
2010,Torres Novas,173.2
2010,Vila Nova da Barquinha,56.6
2010,Ourém,151.2
2010,Sertã,190.4
2010,Vila de Rei,
2010,Alcobaça,206.6
2010,Bombarral,116.9
2010,Caldas da Rainha,179.0
2010,Nazaré,119.2
2010,Óbidos,46.9
2010,Peniche,125.2
2010,Alenquer,78.3
2010,Arruda dos Vinhos,164.3
2010,Cadaval,83.1
2010,Lourinhã,103.9
2010,Sobral de Monte Agraço,62.4
2010,Torres Vedras,151.7
2010,Águeda,163.5
2010,Albergaria-a-Velha,106.6
2010,Anadia,93.3
2010,Aveiro,191.4
2010,Estarreja,100.2
2010,Ílhavo,80.0
2010,Murtosa,14.8
2010,Oliveira do Bairro,115.8
2010,Ovar,105.0
2010,Sever do Vouga,185.3
2010,Vagos,127.3
2010,Mealhada,99.1
2010,Mortágua,170.0
2010,Arganil,273.0
2010,Cantanhede,128.2
2010,Coimbra,228.7
2010,Condeixa-a-Nova,66.4
2010,Figueira da Foz,146.2
2010,Góis,
2010,Lousã,128.5
2010,Mira,74.2
2010,Miranda do Corvo,47.4
2010,Montemor-o-Velho,141.9
2010,Oliveira do Hospital,211.8
2010,Pampilhosa da Serra,41.3
2010,Penacova,80.6
2010,Penela,58.1
2010,Soure,202.3
2010,Tábua,59.8
2010,Vila Nova de Poiares,155.0
2010,Alvaiázere,79.7
2010,Ansião,190.7
2010,Batalha,111.8
2010,Castanheira de Pêra,
2010,Figueiró dos Vinhos,148.6
2010,Leiria,148.6
2010,Marinha Grande,229.1
2010,Pedrógão Grande,225.2
2010,Pombal,174.3
2010,Porto de Mós,100.4
2010,Carregal do Sal,86.7
2010,Castro Daire,109.5
2010,Mangualde,113.6
2010,Nelas,101.2
2010,Oliveira de Frades,163.1
2010,Penalva do Castelo,115.9
2010,Santa Comba Dão,200.3
2010,São Pedro do Sul,132.7
2010,Sátão,68.8
2010,Tondela,113.0
2010,Vila Nova de Paiva,58.7
2010,Viseu,188.0
2010,Vouzela,101.5
2010,Aguiar da Beira,66.1
2010,Cascais,140.1
2010,Lisboa,318.4
2010,Loures,105.6
2010,Mafra,90.4
2010,Oeiras,154.2
2010,Sintra,90.6
2010,Vila Franca de Xira,145.5
2010,Amadora,176.6
2010,Odivelas,142.3
2010,Alcochete,146.8
2010,Almada,148.6
2010,Barreiro,197.2
2010,Moita,72.4
2010,Montijo,142.2
2010,Palmela,130.3
2010,Seixal,107.5
2010,Sesimbra,84.5
2010,Setúbal,180.6
2010,Alandroal,98.6
2010,Arraiolos,151.6
2010,Borba,55.8
2010,Estremoz,296.5
2010,Évora,212.5
2010,Montemor-o-Novo,118.0
2010,Mora,113.6
2010,Mourão,
2010,Portel,33.2
2010,Redondo,93.4
2010,Reguengos de Monsaraz,169.1
2010,Vendas Novas,169.3
2010,Viana do Alentejo,148.8
2010,Vila Viçosa,204.2
2010,Alcácer do Sal,90.5
2010,Grândola,173.3
2010,Santiago do Cacém,165.0
2010,Sines,167.4
2010,Odemira,238.5
2010,Alter do Chão,191.9
2010,Arronches,10.8
2010,Avis,128.9
2010,Campo Maior,176.9
2010,Castelo de Vide,19.8
2010,Crato,88.1
2010,Elvas,151.1
2010,Fronteira,190.3
2010,Gavião,31.2
2010,Marvão,12.9
2010,Monforte,
2010,Nisa,200.7
2010,Ponte de Sor,140.5
2010,Portalegre,269.7
2010,Sousel,59.2
2010,Aljustrel,167.7
2010,Almodôvar,209.0
2010,Alvito,81.4
2010,Barrancos,227.8
2010,Beja,198.2
2010,Castro Verde,92.1
2010,Cuba,166.2
2010,Ferreira do Alentejo,80.8
2010,Mértola,213.5
2010,Moura,151.1
2010,Ourique,76.3
2010,Serpa,120.9
2010,Vidigueira,322.7
2010,Azambuja,99.5
2010,Almeirim,134.1
2010,Alpiarça,53.9
2010,Benavente,77.4
2010,Cartaxo,84.3
2010,Chamusca,50.2
2010,Coruche,131.3
2010,Golegã,44.6
2010,Rio Maior,105.5
2010,Salvaterra de Magos,209.7
2010,Santarém,203.8
2010,Albufeira,132.7
2010,Alcoutim,45.5
2010,Aljezur,
2010,Castro Marim,
2010,Faro,235.7
2010,Lagoa,46.6
2010,Lagos,191.4
2010,Loulé,143.7
2010,Monchique,13.7
2010,Olhão,95.4
2010,Portimão,228.0
2010,São Brás de Alportel,151.8
2010,Silves,111.0
2010,Tavira,155.6
2010,Vila do Bispo,
2010,Vila Real de Santo António,215.5
2011,Arcos de Valdevez,176.9
2011,Caminha,230.9
2011,Melgaço,165.0
2011,Monção,199.6
2011,Paredes de Coura,151.1
2011,Ponte da Barca,102.1
2011,Ponte de Lima,114.3
2011,Valença,119.3
2011,Viana do Castelo,196.6
2011,Vila Nova de Cerveira,242.9
2011,Boticas,14.3
2011,Chaves,203.5
2011,Montalegre,89.9
2011,Ribeira de Pena,77.2
2011,Valpaços,93.7
2011,Vila Pouca de Aguiar,85.8
2011,Arouca,101.4
2011,Espinho,245.8
2011,Santa Maria da Feira,99.3
2011,Oliveira de Azeméis,97.2
2011,São João da Madeira,340.7
2011,Vale de Cambra,107.7
2011,Gondomar,92.1
2011,Maia,84.9
2011,Matosinhos,107.8
2011,Paredes,83.3
2011,Porto,434.9
2011,Póvoa de Varzim,114.5
2011,Santo Tirso,148.9
2011,Valongo,101.0
2011,Vila do Conde,89.6
2011,Vila Nova de Gaia,97.7
2011,Trofa,107.5
2011,Mondim de Basto,104.5
2011,Cabeceiras de Basto,100.9
2011,Fafe,83.2
2011,Guimarães,100.7
2011,Póvoa de Lanhoso,119.4
2011,Vieira do Minho,80.8
2011,Vila Nova de Famalicão,137.5
2011,Vizela,88.0
2011,Amares,97.5
2011,Barcelos,102.2
2011,Braga,189.7
2011,Esposende,95.2
2011,Terras de Bouro,98.4
2011,Vila Verde,109.3
2011,Alijó,76.6
2011,Mesão Frio,128.5
2011,Murça,149.4
2011,Peso da Régua,200.9
2011,Sabrosa,170.5
2011,Santa Marta de Penaguião,0.5
2011,Vila Real,209.6
2011,Armamar,1.0
2011,Lamego,198.4
2011,Moimenta da Beira,204.6
2011,Penedono,3.4
2011,São João da Pesqueira,239.7
2011,Sernancelhe,110.7
2011,Tabuaço,70.6
2011,Tarouca,63.9
2011,Carrazeda de Ansiães,153.5
2011,Freixo de Espada à Cinta,15.1
2011,Torre de Moncorvo,112.7
2011,Vila Nova de Foz Côa,85.1
2011,Castelo de Paiva,95.2
2011,Amarante,133.8
2011,Baião,77.8
2011,Felgueiras,109.6
2011,Lousada,78.9
2011,Marco de Canaveses,85.0
2011,Paços de Ferreira,85.7
2011,Penafiel,93.5
2011,Cinfães,108.6
2011,Resende,116.3
2011,Celorico de Basto,118.9
2011,Alfândega da Fé,121.4
2011,Bragança,227.1
2011,Macedo de Cavaleiros,116.7
2011,Miranda do Douro,164.3
2011,Mirandela,150.4
2011,Mogadouro,96.2
2011,Vila Flor,78.7
2011,Vimioso,1.0
2011,Vinhais,74.0
2011,Castelo Branco,211.7
2011,Idanha-a-Nova,178.9
2011,Oleiros,67.3
2011,Penamacor,87.5
2011,Proença-a-Nova,95.5
2011,Vila Velha de Ródão,
2011,Belmonte,58.0
2011,Covilhã,179.2
2011,Fundão,129.3
2011,Almeida,83.6
2011,Celorico da Beira,72.6
2011,Figueira de Castelo Rodrigo,103.4
2011,Fornos de Algodres,107.6
2011,Gouveia,140.4
2011,Guarda,183.9
2011,Manteigas,159.6
2011,Meda,85.7
2011,Pinhel,88.9
2011,Sabugal,68.0
2011,Seia,157.0
2011,Trancoso,194.0
2011,Abrantes,148.1
2011,Alcanena,93.0
2011,Constância,84.8
2011,Entroncamento,148.4
2011,Ferreira do Zêzere,78.0
2011,Mação,249.3
2011,Sardoal,114.6
2011,Tomar,170.4
2011,Torres Novas,161.9
2011,Vila Nova da Barquinha,50.2
2011,Ourém,140.5
2011,Sertã,170.2
2011,Vila de Rei,29.4
2011,Alcobaça,125.1
2011,Bombarral,98.4
2011,Caldas da Rainha,160.3
2011,Nazaré,126.9
2011,Óbidos,88.1
2011,Peniche,112.7
2011,Alenquer,89.8
2011,Arruda dos Vinhos,199.3
2011,Cadaval,80.5
2011,Lourinhã,87.0
2011,Sobral de Monte Agraço,60.8
2011,Torres Vedras,148.5
2011,Águeda,114.7
2011,Albergaria-a-Velha,109.0
2011,Anadia,109.1
2011,Aveiro,187.7
2011,Estarreja,99.6
2011,Ílhavo,72.8
2011,Murtosa,23.1
2011,Oliveira do Bairro,104.4
2011,Ovar,96.1
2011,Sever do Vouga,156.7
2011,Vagos,127.9
2011,Mealhada,92.9
2011,Mortágua,158.1
2011,Arganil,217.3
2011,Cantanhede,129.2
2011,Coimbra,210.5
2011,Condeixa-a-Nova,57.4
2011,Figueira da Foz,134.8
2011,Góis,6.0
2011,Lousã,127.8
2011,Mira,74.8
2011,Miranda do Corvo,59.6
2011,Montemor-o-Velho,123.3
2011,Oliveira do Hospital,109.6
2011,Pampilhosa da Serra,83.8
2011,Penacova,71.2
2011,Penela,62.0
2011,Soure,174.4
2011,Tábua,76.6
2011,Vila Nova de Poiares,94.6
2011,Alvaiázere,68.6
2011,Ansião,180.7
2011,Batalha,87.7
2011,Castanheira de Pêra,1.3
2011,Figueiró dos Vinhos,160.1
2011,Leiria,124.1
2011,Marinha Grande,190.1
2011,Pedrógão Grande,232.8
2011,Pombal,139.9
2011,Porto de Mós,106.8
2011,Carregal do Sal,70.3
2011,Castro Daire,103.8
2011,Mangualde,101.1
2011,Nelas,102.1
2011,Oliveira de Frades,119.2
2011,Penalva do Castelo,82.7
2011,Santa Comba Dão,150.6
2011,São Pedro do Sul,125.0
2011,Sátão,78.6
2011,Tondela,126.0
2011,Vila Nova de Paiva,71.2
2011,Viseu,148.8
2011,Vouzela,116.1
2011,Aguiar da Beira,89.7
2011,Cascais,127.9
2011,Lisboa,302.1
2011,Loures,100.2
2011,Mafra,94.6
2011,Oeiras,139.5
2011,Sintra,80.0
2011,Vila Franca de Xira,131.1
2011,Amadora,151.6
2011,Odivelas,117.5
2011,Alcochete,130.7
2011,Almada,152.4
2011,Barreiro,186.7
2011,Moita,74.1
2011,Montijo,127.1
2011,Palmela,132.3
2011,Seixal,119.0
2011,Sesimbra,81.1
2011,Setúbal,158.2
2011,Alandroal,59.5
2011,Arraiolos,128.0
2011,Borba,30.2
2011,Estremoz,198.4
2011,Évora,217.3
2011,Montemor-o-Novo,115.1
2011,Mora,100.0
2011,Mourão,2.3
2011,Portel,22.5
2011,Redondo,69.1
2011,Reguengos de Monsaraz,133.9
2011,Vendas Novas,167.1
2011,Viana do Alentejo,140.3
2011,Vila Viçosa,195.1
2011,Alcácer do Sal,97.9
2011,Grândola,123.0
2011,Santiago do Cacém,214.6
2011,Sines,145.9
2011,Odemira,135.1
2011,Alter do Chão,212.2
2011,Arronches,11.2
2011,Avis,125.0
2011,Campo Maior,118.8
2011,Castelo de Vide,44.8
2011,Crato,131.7
2011,Elvas,136.9
2011,Fronteira,303.7
2011,Gavião,55.6
2011,Marvão,13.2
2011,Monforte,
2011,Nisa,174.3
2011,Ponte de Sor,169.8
2011,Portalegre,228.7
2011,Sousel,27.7
2011,Aljustrel,369.4
2011,Almodôvar,222.8
2011,Alvito,380.3
2011,Barrancos,16.7
2011,Beja,182.1
2011,Castro Verde,98.6
2011,Cuba,135.5
2011,Ferreira do Alentejo,62.9
2011,Mértola,165.0
2011,Moura,117.7
2011,Ourique,95.9
2011,Serpa,237.2
2011,Vidigueira,89.7
2011,Azambuja,92.1
2011,Almeirim,100.0
2011,Alpiarça,48.4
2011,Benavente,70.5
2011,Cartaxo,85.4
2011,Chamusca,54.2
2011,Coruche,128.2
2011,Golegã,49.7
2011,Rio Maior,124.6
2011,Salvaterra de Magos,162.2
2011,Santarém,193.2
2011,Albufeira,123.2
2011,Alcoutim,67.4
2011,Aljezur,
2011,Castro Marim,
2011,Faro,202.0
2011,Lagoa,63.6
2011,Lagos,173.0
2011,Loulé,146.7
2011,Monchique,175.2
2011,Olhão,93.1
2011,Portimão,229.0
2011,São Brás de Alportel,117.5
2011,Silves,113.2
2011,Tavira,149.0
2011,Vila do Bispo,12.2
2011,Vila Real de Santo António,188.2
2012,Arcos de Valdevez,159.3
2012,Caminha,189.6
2012,Melgaço,134.3
2012,Monção,141.4
2012,Paredes de Coura,106.4
2012,Ponte da Barca,107.8
2012,Ponte de Lima,99.6
2012,Valença,112.0
2012,Viana do Castelo,172.1
2012,Vila Nova de Cerveira,195.7
2012,Boticas,7.2
2012,Chaves,173.3
2012,Montalegre,71.7
2012,Ribeira de Pena,79.8
2012,Valpaços,80.5
2012,Vila Pouca de Aguiar,84.0
2012,Arouca,91.4
2012,Espinho,241.2
2012,Santa Maria da Feira,102.6
2012,Oliveira de Azeméis,80.6
2012,São João da Madeira,336.8
2012,Vale de Cambra,101.4
2012,Gondomar,86.4
2012,Maia,84.1
2012,Matosinhos,95.9
2012,Paredes,79.0
2012,Porto,353.5
2012,Póvoa de Varzim,118.5
2012,Santo Tirso,139.1
2012,Valongo,93.0
2012,Vila do Conde,75.9
2012,Vila Nova de Gaia,92.1
2012,Trofa,100.9
2012,Mondim de Basto,86.9
2012,Cabeceiras de Basto,104.1
2012,Fafe,90.4
2012,Guimarães,96.4
2012,Póvoa de Lanhoso,102.6
2012,Vieira do Minho,82.3
2012,Vila Nova de Famalicão,131.2
2012,Vizela,102.5
2012,Amares,95.1
2012,Barcelos,91.0
2012,Braga,169.2
2012,Esposende,101.1
2012,Terras de Bouro,71.0
2012,Vila Verde,98.1
2012,Alijó,82.2
2012,Mesão Frio,154.8
2012,Murça,141.7
2012,Peso da Régua,197.8
2012,Sabrosa,155.3
2012,Santa Marta de Penaguião,
2012,Vila Real,181.8
2012,Armamar,
2012,Lamego,167.6
2012,Moimenta da Beira,148.2
2012,Penedono,18.6
2012,São João da Pesqueira,147.5
2012,Sernancelhe,94.0
2012,Tabuaço,70.8
2012,Tarouca,63.5
2012,Carrazeda de Ansiães,148.1
2012,Freixo de Espada à Cinta,10.7
2012,Torre de Moncorvo,80.6
2012,Vila Nova de Foz Côa,73.1
2012,Castelo de Paiva,95.0
2012,Amarante,140.2
2012,Baião,78.1
2012,Felgueiras,103.1
2012,Lousada,74.8
2012,Marco de Canaveses,85.0
2012,Paços de Ferreira,81.5
2012,Penafiel,86.8
2012,Cinfães,88.2
2012,Resende,86.7
2012,Celorico de Basto,106.4
2012,Alfândega da Fé,106.2
2012,Bragança,186.1
2012,Macedo de Cavaleiros,131.9
2012,Miranda do Douro,128.5
2012,Mirandela,166.0
2012,Mogadouro,103.8
2012,Vila Flor,80.0
2012,Vimioso,
2012,Vinhais,57.7
2012,Castelo Branco,172.5
2012,Idanha-a-Nova,184.2
2012,Oleiros,34.6
2012,Penamacor,65.9
2012,Proença-a-Nova,78.4
2012,Vila Velha de Ródão,25.8
2012,Belmonte,137.6
2012,Covilhã,148.5
2012,Fundão,128.0
2012,Almeida,85.2
2012,Celorico da Beira,78.7
2012,Figueira de Castelo Rodrigo,92.5
2012,Fornos de Algodres,107.5
2012,Gouveia,137.5
2012,Guarda,153.6
2012,Manteigas,193.1
2012,Meda,88.5
2012,Pinhel,75.1
2012,Sabugal,63.3
2012,Seia,164.1
2012,Trancoso,157.4
2012,Abrantes,137.7
2012,Alcanena,87.7
2012,Constância,50.4
2012,Entroncamento,151.5
2012,Ferreira do Zêzere,79.0
2012,Mação,99.5
2012,Sardoal,110.1
2012,Tomar,175.9
2012,Torres Novas,126.9
2012,Vila Nova da Barquinha,49.3
2012,Ourém,147.8
2012,Sertã,141.3
2012,Vila de Rei,46.5
2012,Alcobaça,111.3
2012,Bombarral,89.2
2012,Caldas da Rainha,152.6
2012,Nazaré,100.4
2012,Óbidos,44.9
2012,Peniche,104.7
2012,Alenquer,85.4
2012,Arruda dos Vinhos,141.7
2012,Cadaval,58.3
2012,Lourinhã,71.4
2012,Sobral de Monte Agraço,45.5
2012,Torres Vedras,142.0
2012,Águeda,133.5
2012,Albergaria-a-Velha,114.1
2012,Anadia,117.4
2012,Aveiro,174.2
2012,Estarreja,87.7
2012,Ílhavo,70.4
2012,Murtosa,22.9
2012,Oliveira do Bairro,95.4
2012,Ovar,104.3
2012,Sever do Vouga,110.2
2012,Vagos,140.1
2012,Mealhada,86.2
2012,Mortágua,139.1
2012,Arganil,213.5
2012,Cantanhede,121.0
2012,Coimbra,199.4
2012,Condeixa-a-Nova,55.9
2012,Figueira da Foz,119.5
2012,Góis,12.8
2012,Lousã,119.3
2012,Mira,69.4
2012,Miranda do Corvo,57.8
2012,Montemor-o-Velho,96.1
2012,Oliveira do Hospital,117.4
2012,Pampilhosa da Serra,41.2
2012,Penacova,82.6
2012,Penela,44.9
2012,Soure,130.9
2012,Tábua,60.9
2012,Vila Nova de Poiares,122.3
2012,Alvaiázere,47.4
2012,Ansião,141.5
2012,Batalha,91.3
2012,Castanheira de Pêra,
2012,Figueiró dos Vinhos,134.2
2012,Leiria,120.4
2012,Marinha Grande,162.1
2012,Pedrógão Grande,235.0
2012,Pombal,134.7
2012,Porto de Mós,105.3
2012,Carregal do Sal,47.8
2012,Castro Daire,98.3
2012,Mangualde,102.3
2012,Nelas,99.7
2012,Oliveira de Frades,107.4
2012,Penalva do Castelo,76.7
2012,Santa Comba Dão,119.2
2012,São Pedro do Sul,128.7
2012,Sátão,80.7
2012,Tondela,124.4
2012,Vila Nova de Paiva,98.2
2012,Viseu,143.7
2012,Vouzela,128.5
2012,Aguiar da Beira,70.9
2012,Cascais,108.6
2012,Lisboa,280.2
2012,Loures,83.0
2012,Mafra,80.7
2012,Oeiras,138.6
2012,Sintra,89.9
2012,Vila Franca de Xira,112.5
2012,Amadora,139.4
2012,Odivelas,118.6
2012,Alcochete,102.8
2012,Almada,129.9
2012,Barreiro,149.0
2012,Moita,77.5
2012,Montijo,82.2
2012,Palmela,90.4
2012,Seixal,110.3
2012,Sesimbra,82.6
2012,Setúbal,132.2
2012,Alandroal,39.4
2012,Arraiolos,133.9
2012,Borba,24.3
2012,Estremoz,184.4
2012,Évora,176.6
2012,Montemor-o-Novo,87.8
2012,Mora,72.5
2012,Mourão,
2012,Portel,21.1
2012,Redondo,72.1
2012,Reguengos de Monsaraz,136.7
2012,Vendas Novas,146.9
2012,Viana do Alentejo,95.8
2012,Vila Viçosa,188.1
2012,Alcácer do Sal,113.6
2012,Grândola,141.0
2012,Santiago do Cacém,146.3
2012,Sines,146.2
2012,Odemira,145.3
2012,Alter do Chão,187.4
2012,Arronches,21.4
2012,Avis,112.0
2012,Campo Maior,115.1
2012,Castelo de Vide,36.5
2012,Crato,144.8
2012,Elvas,107.6
2012,Fronteira,94.6
2012,Gavião,17.2
2012,Marvão,
2012,Monforte,
2012,Nisa,136.4
2012,Ponte de Sor,146.8
2012,Portalegre,222.6
2012,Sousel,16.3
2012,Aljustrel,112.8
2012,Almodôvar,178.7
2012,Alvito,277.3
2012,Barrancos,34.2
2012,Beja,175.0
2012,Castro Verde,107.0
2012,Cuba,67.1
2012,Ferreira do Alentejo,64.9
2012,Mértola,160.9
2012,Moura,128.9
2012,Ourique,88.6
2012,Serpa,104.9
2012,Vidigueira,92.9
2012,Azambuja,79.7
2012,Almeirim,89.2
2012,Alpiarça,68.7
2012,Benavente,58.6
2012,Cartaxo,81.0
2012,Chamusca,42.6
2012,Coruche,110.6
2012,Golegã,39.5
2012,Rio Maior,126.3
2012,Salvaterra de Magos,135.0
2012,Santarém,194.4
2012,Albufeira,119.4
2012,Alcoutim,12.7
2012,Aljezur,
2012,Castro Marim,
2012,Faro,182.0
2012,Lagoa,56.3
2012,Lagos,144.3
2012,Loulé,125.4
2012,Monchique,13.6
2012,Olhão,81.7
2012,Portimão,176.2
2012,São Brás de Alportel,112.9
2012,Silves,93.5
2012,Tavira,123.4
2012,Vila do Bispo,7.6
2012,Vila Real de Santo António,173.0
2013,Arcos de Valdevez,131.1
2013,Caminha,164.5
2013,Melgaço,118.2
2013,Monção,129.3
2013,Paredes de Coura,93.8
2013,Ponte da Barca,124.0
2013,Ponte de Lima,95.4
2013,Valença,99.3
2013,Viana do Castelo,163.8
2013,Vila Nova de Cerveira,102.2
2013,Boticas,7.4
2013,Chaves,179.6
2013,Montalegre,80.8
2013,Ribeira de Pena,103.7
2013,Valpaços,90.0
2013,Vila Pouca de Aguiar,83.4
2013,Arouca,90.4
2013,Espinho,216.0
2013,Santa Maria da Feira,111.3
2013,Oliveira de Azeméis,76.1
2013,São João da Madeira,342.3
2013,Vale de Cambra,91.5
2013,Gondomar,77.1
2013,Maia,80.5
2013,Matosinhos,87.0
2013,Paredes,70.8
2013,Porto,389.0
2013,Póvoa de Varzim,110.1
2013,Santo Tirso,134.3
2013,Valongo,80.5
2013,Vila do Conde,72.9
2013,Vila Nova de Gaia,85.6
2013,Trofa,86.7
2013,Mondim de Basto,81.3
2013,Cabeceiras de Basto,89.2
2013,Fafe,85.5
2013,Guimarães,91.5
2013,Póvoa de Lanhoso,93.4
2013,Vieira do Minho,72.3
2013,Vila Nova de Famalicão,118.3
2013,Vizela,81.0
2013,Amares,79.1
2013,Barcelos,86.5
2013,Braga,180.3
2013,Esposende,96.0
2013,Terras de Bouro,70.1
2013,Vila Verde,89.2
2013,Alijó,79.5
2013,Mesão Frio,132.8
2013,Murça,147.7
2013,Peso da Régua,171.7
2013,Sabrosa,100.0
2013,Santa Marta de Penaguião,
2013,Vila Real,187.7
2013,Armamar,19.2
2013,Lamego,148.9
2013,Moimenta da Beira,144.0
2013,Penedono,2.2
2013,São João da Pesqueira,96.9
2013,Sernancelhe,104.6
2013,Tabuaço,59.8
2013,Tarouca,62.2
2013,Carrazeda de Ansiães,138.7
2013,Freixo de Espada à Cinta,21.7
2013,Torre de Moncorvo,82.4
2013,Vila Nova de Foz Côa,71.7
2013,Castelo de Paiva,87.8
2013,Amarante,129.7
2013,Baião,53.6
2013,Felgueiras,99.1
2013,Lousada,73.2
2013,Marco de Canaveses,81.6
2013,Paços de Ferreira,73.0
2013,Penafiel,76.5
2013,Cinfães,84.5
2013,Resende,95.8
2013,Celorico de Basto,97.1
2013,Alfândega da Fé,109.8
2013,Bragança,170.7
2013,Macedo de Cavaleiros,85.3
2013,Miranda do Douro,102.4
2013,Mirandela,156.3
2013,Mogadouro,108.2
2013,Vila Flor,102.5
2013,Vimioso,
2013,Vinhais,57.8
2013,Castelo Branco,162.1
2013,Idanha-a-Nova,119.0
2013,Oleiros,55.9
2013,Penamacor,84.4
2013,Proença-a-Nova,99.6
2013,Vila Velha de Ródão,16.0
2013,Belmonte,120.0
2013,Covilhã,138.7
2013,Fundão,128.1
2013,Almeida,76.8
2013,Celorico da Beira,85.7
2013,Figueira de Castelo Rodrigo,83.3
2013,Fornos de Algodres,95.4
2013,Gouveia,135.2
2013,Guarda,150.7
2013,Manteigas,207.7
2013,Meda,62.2
2013,Pinhel,66.0
2013,Sabugal,61.8
2013,Seia,152.7
2013,Trancoso,168.6
2013,Abrantes,130.3
2013,Alcanena,77.5
2013,Constância,19.3
2013,Entroncamento,158.7
2013,Ferreira do Zêzere,60.1
2013,Mação,100.5
2013,Sardoal,85.6
2013,Tomar,162.7
2013,Torres Novas,117.6
2013,Vila Nova da Barquinha,83.8
2013,Ourém,151.8
2013,Sertã,139.9
2013,Vila de Rei,58.4
2013,Alcobaça,96.7
2013,Bombarral,67.8
2013,Caldas da Rainha,143.6
2013,Nazaré,94.4
2013,Óbidos,50.0
2013,Peniche,90.4
2013,Alenquer,86.3
2013,Arruda dos Vinhos,153.0
2013,Cadaval,59.5
2013,Lourinhã,77.7
2013,Sobral de Monte Agraço,41.0
2013,Torres Vedras,133.2
2013,Águeda,110.2
2013,Albergaria-a-Velha,108.6
2013,Anadia,110.0
2013,Aveiro,180.2
2013,Estarreja,82.4
2013,Ílhavo,62.9
2013,Murtosa,22.8
2013,Oliveira do Bairro,90.3
2013,Ovar,85.2
2013,Sever do Vouga,105.0
2013,Vagos,125.4
2013,Mealhada,87.6
2013,Mortágua,138.3
2013,Arganil,247.9
2013,Cantanhede,114.0
2013,Coimbra,198.3
2013,Condeixa-a-Nova,48.4
2013,Figueira da Foz,111.3
2013,Góis,
2013,Lousã,100.5
2013,Mira,61.7
2013,Miranda do Corvo,66.8
2013,Montemor-o-Velho,84.0
2013,Oliveira do Hospital,111.2
2013,Pampilhosa da Serra,22.9
2013,Penacova,84.1
2013,Penela,36.4
2013,Soure,97.7
2013,Tábua,68.2
2013,Vila Nova de Poiares,80.6
2013,Alvaiázere,62.0
2013,Ansião,137.6
2013,Batalha,74.8
2013,Castanheira de Pêra,
2013,Figueiró dos Vinhos,109.8
2013,Leiria,116.3
2013,Marinha Grande,135.2
2013,Pedrógão Grande,219.4
2013,Pombal,115.6
2013,Porto de Mós,92.1
2013,Carregal do Sal,49.7
2013,Castro Daire,88.4
2013,Mangualde,98.0
2013,Nelas,83.5
2013,Oliveira de Frades,92.8
2013,Penalva do Castelo,91.1
2013,Santa Comba Dão,101.6
2013,São Pedro do Sul,125.4
2013,Sátão,77.7
2013,Tondela,125.2
2013,Vila Nova de Paiva,90.8
2013,Viseu,153.7
2013,Vouzela,123.5
2013,Aguiar da Beira,72.1
2013,Cascais,105.9
2013,Lisboa,287.7
2013,Loures,75.8
2013,Mafra,67.8
2013,Oeiras,119.4
2013,Sintra,90.4
2013,Vila Franca de Xira,126.7
2013,Amadora,148.7
2013,Odivelas,111.5
2013,Alcochete,101.9
2013,Almada,131.4
2013,Barreiro,149.0
2013,Moita,78.7
2013,Montijo,79.3
2013,Palmela,87.5
2013,Seixal,117.1
2013,Sesimbra,69.6
2013,Setúbal,144.4
2013,Alandroal,8.4
2013,Arraiolos,95.3
2013,Borba,17.8
2013,Estremoz,169.4
2013,Évora,165.9
2013,Montemor-o-Novo,76.1
2013,Mora,58.3
2013,Mourão,
2013,Portel,4.4
2013,Redondo,64.6
2013,Reguengos de Monsaraz,117.5
2013,Vendas Novas,118.8
2013,Viana do Alentejo,90.5
2013,Vila Viçosa,183.5
2013,Alcácer do Sal,94.3
2013,Grândola,130.8
2013,Santiago do Cacém,115.7
2013,Sines,151.6
2013,Odemira,137.0
2013,Alter do Chão,200.0
2013,Arronches,
2013,Avis,109.2
2013,Campo Maior,101.5
2013,Castelo de Vide,4.9
2013,Crato,73.5
2013,Elvas,100.6
2013,Fronteira,16.9
2013,Gavião,14.7
2013,Marvão,
2013,Monforte,
2013,Nisa,110.6
2013,Ponte de Sor,126.9
2013,Portalegre,220.6
2013,Sousel,5.8
2013,Aljustrel,121.2
2013,Almodôvar,110.5
2013,Alvito,244.6
2013,Barrancos,43.9
2013,Beja,176.5
2013,Castro Verde,102.7
2013,Cuba,120.7
2013,Ferreira do Alentejo,52.1
2013,Mértola,155.8
2013,Moura,122.8
2013,Ourique,65.3
2013,Serpa,117.7
2013,Vidigueira,82.9
2013,Azambuja,75.7
2013,Almeirim,79.2
2013,Alpiarça,69.0
2013,Benavente,51.7
2013,Cartaxo,75.7
2013,Chamusca,45.9
2013,Coruche,105.0
2013,Golegã,42.7
2013,Rio Maior,131.1
2013,Salvaterra de Magos,140.4
2013,Santarém,186.0
2013,Albufeira,116.8
2013,Alcoutim,
2013,Aljezur,
2013,Castro Marim,
2013,Faro,190.9
2013,Lagoa,50.7
2013,Lagos,124.7
2013,Loulé,106.4
2013,Monchique,18.8
2013,Olhão,86.8
2013,Portimão,179.6
2013,São Brás de Alportel,109.3
2013,Silves,67.7
2013,Tavira,114.8
2013,Vila do Bispo,
2013,Vila Real de Santo António,145.3
2014,Arcos de Valdevez,126.4
2014,Caminha,134.8
2014,Melgaço,87.4
2014,Monção,132.3
2014,Paredes de Coura,100.8
2014,Ponte da Barca,109.6
2014,Ponte de Lima,99.5
2014,Valença,82.0
2014,Viana do Castelo,163.7
2014,Vila Nova de Cerveira,98.1
2014,Boticas,
2014,Chaves,165.7
2014,Montalegre,78.8
2014,Ribeira de Pena,98.5
2014,Valpaços,70.3
2014,Vila Pouca de Aguiar,70.3
2014,Arouca,82.7
2014,Espinho,203.0
2014,Santa Maria da Feira,103.5
2014,Oliveira de Azeméis,72.8
2014,São João da Madeira,340.3
2014,Vale de Cambra,84.9
2014,Gondomar,73.4
2014,Maia,76.7
2014,Matosinhos,83.9
2014,Paredes,63.8
2014,Porto,389.0
2014,Póvoa de Varzim,108.7
2014,Santo Tirso,130.2
2014,Valongo,69.6
2014,Vila do Conde,68.2
2014,Vila Nova de Gaia,82.5
2014,Trofa,79.0
2014,Mondim de Basto,72.8
2014,Cabeceiras de Basto,83.6
2014,Fafe,89.4
2014,Guimarães,90.3
2014,Póvoa de Lanhoso,85.0
2014,Vieira do Minho,78.0
2014,Vila Nova de Famalicão,116.0
2014,Vizela,74.0
2014,Amares,70.6
2014,Barcelos,85.7
2014,Braga,173.3
2014,Esposende,83.9
2014,Terras de Bouro,68.9
2014,Vila Verde,81.6
2014,Alijó,79.6
2014,Mesão Frio,137.5
2014,Murça,158.8
2014,Peso da Régua,147.8
2014,Sabrosa,68.4
2014,Santa Marta de Penaguião,
2014,Vila Real,179.6
2014,Armamar,30.3
2014,Lamego,137.1
2014,Moimenta da Beira,133.4
2014,Penedono,15.8
2014,São João da Pesqueira,85.8
2014,Sernancelhe,127.3
2014,Tabuaço,61.4
2014,Tarouca,63.7
2014,Carrazeda de Ansiães,160.4
2014,Freixo de Espada à Cinta,20.8
2014,Torre de Moncorvo,93.8
2014,Vila Nova de Foz Côa,81.2
2014,Castelo de Paiva,88.6
2014,Amarante,119.1
2014,Baião,64.2
2014,Felgueiras,90.9
2014,Lousada,72.7
2014,Marco de Canaveses,80.0
2014,Paços de Ferreira,76.3
2014,Penafiel,74.2
2014,Cinfães,86.2
2014,Resende,91.9
2014,Celorico de Basto,71.8
2014,Alfândega da Fé,89.2
2014,Bragança,156.5
2014,Macedo de Cavaleiros,72.4
2014,Miranda do Douro,98.1
2014,Mirandela,134.8
2014,Mogadouro,95.3
2014,Vila Flor,83.1
2014,Vimioso,16.1
2014,Vinhais,59.4
2014,Castelo Branco,150.5
2014,Idanha-a-Nova,93.9
2014,Oleiros,73.0
2014,Penamacor,82.1
2014,Proença-a-Nova,87.4
2014,Vila Velha de Ródão,
2014,Belmonte,39.9
2014,Covilhã,128.8
2014,Fundão,118.4
2014,Almeida,84.7
2014,Celorico da Beira,86.9
2014,Figueira de Castelo Rodrigo,52.0
2014,Fornos de Algodres,85.9
2014,Gouveia,134.6
2014,Guarda,147.0
2014,Manteigas,215.1
2014,Meda,54.3
2014,Pinhel,80.8
2014,Sabugal,66.0
2014,Seia,137.5
2014,Trancoso,146.7
2014,Abrantes,122.5
2014,Alcanena,56.9
2014,Constância,14.4
2014,Entroncamento,154.1
2014,Ferreira do Zêzere,55.2
2014,Mação,85.5
2014,Sardoal,73.2
2014,Tomar,168.0
2014,Torres Novas,100.4
2014,Vila Nova da Barquinha,52.4
2014,Ourém,143.9
2014,Sertã,121.1
2014,Vila de Rei,54.0
2014,Alcobaça,97.2
2014,Bombarral,65.4
2014,Caldas da Rainha,141.3
2014,Nazaré,98.4
2014,Óbidos,43.3
2014,Peniche,74.9
2014,Alenquer,80.8
2014,Arruda dos Vinhos,135.8
2014,Cadaval,44.4
2014,Lourinhã,66.9
2014,Sobral de Monte Agraço,46.2
2014,Torres Vedras,122.6
2014,Águeda,115.9
2014,Albergaria-a-Velha,103.5
2014,Anadia,106.1
2014,Aveiro,193.4
2014,Estarreja,82.9
2014,Ílhavo,55.5
2014,Murtosa,13.3
2014,Oliveira do Bairro,85.0
2014,Ovar,83.8
2014,Sever do Vouga,88.9
2014,Vagos,140.2
2014,Mealhada,79.1
2014,Mortágua,122.8
2014,Arganil,228.5
2014,Cantanhede,105.0
2014,Coimbra,195.4
2014,Condeixa-a-Nova,46.0
2014,Figueira da Foz,102.0
2014,Góis,
2014,Lousã,88.6
2014,Mira,70.4
2014,Miranda do Corvo,66.7
2014,Montemor-o-Velho,76.0
2014,Oliveira do Hospital,112.5
2014,Pampilhosa da Serra,14.1
2014,Penacova,73.2
2014,Penela,31.6
2014,Soure,86.0
2014,Tábua,71.1
2014,Vila Nova de Poiares,66.6
2014,Alvaiázere,78.3
2014,Ansião,132.6
2014,Batalha,61.7
2014,Castanheira de Pêra,
2014,Figueiró dos Vinhos,127.5
2014,Leiria,115.6
2014,Marinha Grande,127.1
2014,Pedrógão Grande,187.9
2014,Pombal,106.0
2014,Porto de Mós,97.0
2014,Carregal do Sal,49.4
2014,Castro Daire,88.0
2014,Mangualde,80.6
2014,Nelas,75.8
2014,Oliveira de Frades,91.4
2014,Penalva do Castelo,86.7
2014,Santa Comba Dão,91.8
2014,São Pedro do Sul,131.0
2014,Sátão,77.6
2014,Tondela,125.6
2014,Vila Nova de Paiva,91.7
2014,Viseu,153.2
2014,Vouzela,116.2
2014,Aguiar da Beira,81.9
2014,Cascais,107.9
2014,Lisboa,279.5
2014,Loures,66.4
2014,Mafra,74.8
2014,Oeiras,109.8
2014,Sintra,87.0
2014,Vila Franca de Xira,113.7
2014,Amadora,154.8
2014,Odivelas,98.2
2014,Alcochete,102.5
2014,Almada,127.3
2014,Barreiro,140.9
2014,Moita,72.2
2014,Montijo,71.2
2014,Palmela,72.7
2014,Seixal,116.7
2014,Sesimbra,66.9
2014,Setúbal,140.4
2014,Alandroal,13.5
2014,Arraiolos,79.1
2014,Borba,8.9
2014,Estremoz,164.7
2014,Évora,175.8
2014,Montemor-o-Novo,77.0
2014,Mora,53.8
2014,Mourão,15.8
2014,Portel,14.5
2014,Redondo,65.1
2014,Reguengos de Monsaraz,119.7
2014,Vendas Novas,105.7
2014,Viana do Alentejo,71.4
2014,Vila Viçosa,172.6
2014,Alcácer do Sal,108.5
2014,Grândola,109.9
2014,Santiago do Cacém,115.9
2014,Sines,154.4
2014,Odemira,120.6
2014,Alter do Chão,177.5
2014,Arronches,
2014,Avis,109.4
2014,Campo Maior,84.9
2014,Castelo de Vide,
2014,Crato,74.5
2014,Elvas,92.3
2014,Fronteira,
2014,Gavião,
2014,Marvão,
2014,Monforte,
2014,Nisa,108.3
2014,Ponte de Sor,142.1
2014,Portalegre,207.9
2014,Sousel,11.6
2014,Aljustrel,143.3
2014,Almodôvar,80.4
2014,Alvito,253.2
2014,Barrancos,36.2
2014,Beja,170.7
2014,Castro Verde,89.8
2014,Cuba,81.8
2014,Ferreira do Alentejo,36.8
2014,Mértola,146.8
2014,Moura,106.1
2014,Ourique,61.5
2014,Serpa,112.3
2014,Vidigueira,74.6
2014,Azambuja,56.5
2014,Almeirim,68.5
2014,Alpiarça,73.6
2014,Benavente,50.4
2014,Cartaxo,67.9
2014,Chamusca,33.6
2014,Coruche,99.2
2014,Golegã,44.7
2014,Rio Maior,126.2
2014,Salvaterra de Magos,119.5
2014,Santarém,186.2
2014,Albufeira,111.9
2014,Alcoutim,
2014,Aljezur,
2014,Castro Marim,
2014,Faro,186.1
2014,Lagoa,53.9
2014,Lagos,109.9
2014,Loulé,99.7
2014,Monchique,3.5
2014,Olhão,81.5
2014,Portimão,166.2
2014,São Brás de Alportel,94.0
2014,Silves,67.4
2014,Tavira,110.3
2014,Vila do Bispo,
2014,Vila Real de Santo António,125.7
2015,Arcos de Valdevez,119.2
2015,Caminha,122.7
2015,Melgaço,86.5
2015,Monção,117.6
2015,Paredes de Coura,100.9
2015,Ponte da Barca,114.2
2015,Ponte de Lima,98.1
2015,Valença,88.2
2015,Viana do Castelo,178.4
2015,Vila Nova de Cerveira,93.4
2015,Boticas,14.7
2015,Chaves,159.4
2015,Montalegre,93.7
2015,Ribeira de Pena,86.8
2015,Valpaços,65.3
2015,Vila Pouca de Aguiar,78.0
2015,Arouca,84.6
2015,Espinho,214.9
2015,Santa Maria da Feira,98.1
2015,Oliveira de Azeméis,74.4
2015,São João da Madeira,337.6
2015,Vale de Cambra,82.2
2015,Gondomar,76.7
2015,Maia,75.6
2015,Matosinhos,84.7
2015,Paredes,68.5
2015,Porto,384.0
2015,Póvoa de Varzim,112.7
2015,Santo Tirso,137.1
2015,Valongo,73.6
2015,Vila do Conde,70.1
2015,Vila Nova de Gaia,84.6
2015,Trofa,80.2
2015,Mondim de Basto,91.6
2015,Cabeceiras de Basto,80.8
2015,Fafe,94.1
2015,Guimarães,93.0
2015,Póvoa de Lanhoso,91.8
2015,Vieira do Minho,70.5
2015,Vila Nova de Famalicão,115.8
2015,Vizela,90.1
2015,Amares,74.6
2015,Barcelos,84.5
2015,Braga,165.5
2015,Esposende,86.1
2015,Terras de Bouro,60.8
2015,Vila Verde,88.9
2015,Alijó,73.0
2015,Mesão Frio,146.6
2015,Murça,157.9
2015,Peso da Régua,140.8
2015,Sabrosa,74.6
2015,Santa Marta de Penaguião,
2015,Vila Real,172.0
2015,Armamar,60.2
2015,Lamego,141.4
2015,Moimenta da Beira,155.3
2015,Penedono,
2015,São João da Pesqueira,88.5
2015,Sernancelhe,138.5
2015,Tabuaço,52.9
2015,Tarouca,61.9
2015,Carrazeda de Ansiães,148.0
2015,Freixo de Espada à Cinta,9.6
2015,Torre de Moncorvo,98.3
2015,Vila Nova de Foz Côa,85.5
2015,Castelo de Paiva,78.2
2015,Amarante,126.9
2015,Baião,94.3
2015,Felgueiras,93.4
2015,Lousada,85.5
2015,Marco de Canaveses,81.7
2015,Paços de Ferreira,77.4
2015,Penafiel,76.2
2015,Cinfães,101.8
2015,Resende,114.6
2015,Celorico de Basto,68.0
2015,Alfândega da Fé,74.8
2015,Bragança,170.2
2015,Macedo de Cavaleiros,86.4
2015,Miranda do Douro,78.5
2015,Mirandela,135.9
2015,Mogadouro,122.2
2015,Vila Flor,75.1
2015,Vimioso,
2015,Vinhais,83.1
2015,Castelo Branco,150.2
2015,Idanha-a-Nova,115.1
2015,Oleiros,89.4
2015,Penamacor,77.1
2015,Proença-a-Nova,89.9
2015,Vila Velha de Ródão,
2015,Belmonte,37.3
2015,Covilhã,127.8
2015,Fundão,117.4
2015,Almeida,88.8
2015,Celorico da Beira,83.6
2015,Figueira de Castelo Rodrigo,60.7
2015,Fornos de Algodres,89.0
2015,Gouveia,120.1
2015,Guarda,157.0
2015,Manteigas,109.3
2015,Meda,58.2
2015,Pinhel,84.1
2015,Sabugal,80.0
2015,Seia,149.6
2015,Trancoso,141.6
2015,Abrantes,122.4
2015,Alcanena,67.4
2015,Constância,41.2
2015,Entroncamento,164.7
2015,Ferreira do Zêzere,49.1
2015,Mação,92.9
2015,Sardoal,77.7
2015,Tomar,168.7
2015,Torres Novas,97.5
2015,Vila Nova da Barquinha,51.3
2015,Ourém,149.3
2015,Sertã,121.0
2015,Vila de Rei,38.6
2015,Alcobaça,95.3
2015,Bombarral,73.1
2015,Caldas da Rainha,155.2
2015,Nazaré,84.7
2015,Óbidos,48.3
2015,Peniche,74.3
2015,Alenquer,87.7
2015,Arruda dos Vinhos,127.1
2015,Cadaval,40.3
2015,Lourinhã,68.5
2015,Sobral de Monte Agraço,41.0
2015,Torres Vedras,128.3
2015,Águeda,133.5
2015,Albergaria-a-Velha,111.4
2015,Anadia,103.6
2015,Aveiro,210.6
2015,Estarreja,87.8
2015,Ílhavo,52.2
2015,Murtosa,13.0
2015,Oliveira do Bairro,82.6
2015,Ovar,80.5
2015,Sever do Vouga,87.6
2015,Vagos,131.7
2015,Mealhada,82.0
2015,Mortágua,128.3
2015,Arganil,225.0
2015,Cantanhede,101.3
2015,Coimbra,197.1
2015,Condeixa-a-Nova,47.2
2015,Figueira da Foz,100.1
2015,Góis,
2015,Lousã,89.0
2015,Mira,63.8
2015,Miranda do Corvo,58.9
2015,Montemor-o-Velho,68.3
2015,Oliveira do Hospital,109.8
2015,Pampilhosa da Serra,18.6
2015,Penacova,70.6
2015,Penela,35.2
2015,Soure,82.0
2015,Tábua,64.7
2015,Vila Nova de Poiares,73.0
2015,Alvaiázere,97.9
2015,Ansião,137.3
2015,Batalha,69.1
2015,Castanheira de Pêra,
2015,Figueiró dos Vinhos,143.8
2015,Leiria,114.7
2015,Marinha Grande,131.0
2015,Pedrógão Grande,172.2
2015,Pombal,104.0
2015,Porto de Mós,93.5
2015,Carregal do Sal,56.4
2015,Castro Daire,85.4
2015,Mangualde,84.9
2015,Nelas,79.1
2015,Oliveira de Frades,79.5
2015,Penalva do Castelo,80.9
2015,Santa Comba Dão,89.9
2015,São Pedro do Sul,121.8
2015,Sátão,85.0
2015,Tondela,115.3
2015,Vila Nova de Paiva,83.9
2015,Viseu,149.0
2015,Vouzela,121.5
2015,Aguiar da Beira,82.4
2015,Cascais,108.7
2015,Lisboa,287.7
2015,Loures,65.3
2015,Mafra,76.5
2015,Oeiras,110.8
2015,Sintra,87.1
2015,Vila Franca de Xira,114.7
2015,Amadora,157.1
2015,Odivelas,101.3
2015,Alcochete,94.2
2015,Almada,122.8
2015,Barreiro,142.1
2015,Moita,74.1
2015,Montijo,75.4
2015,Palmela,76.7
2015,Seixal,113.0
2015,Sesimbra,67.6
2015,Setúbal,140.1
2015,Alandroal,
2015,Arraiolos,105.3
2015,Borba,8.7
2015,Estremoz,164.9
2015,Évora,184.4
2015,Montemor-o-Novo,82.6
2015,Mora,40.5
2015,Mourão,10.3
2015,Portel,9.8
2015,Redondo,72.0
2015,Reguengos de Monsaraz,121.6
2015,Vendas Novas,127.0
2015,Viana do Alentejo,75.7
2015,Vila Viçosa,179.1
2015,Alcácer do Sal,77.6
2015,Grândola,125.1
2015,Santiago do Cacém,108.4
2015,Sines,155.0
2015,Odemira,127.6
2015,Alter do Chão,184.9
2015,Arronches,
2015,Avis,108.3
2015,Campo Maior,89.7
2015,Castelo de Vide,6.1
2015,Crato,101.9
2015,Elvas,110.8
2015,Fronteira,41.9
2015,Gavião,16.0
2015,Marvão,
2015,Monforte,
2015,Nisa,71.4
2015,Ponte de Sor,124.4
2015,Portalegre,214.1
2015,Sousel,23.9
2015,Aljustrel,122.6
2015,Almodôvar,111.8
2015,Alvito,309.1
2015,Barrancos,
2015,Beja,177.3
2015,Castro Verde,80.6
2015,Cuba,74.8
2015,Ferreira do Alentejo,47.4
2015,Mértola,153.0
2015,Moura,116.2
2015,Ourique,87.9
2015,Serpa,101.1
2015,Vidigueira,86.3
2015,Azambuja,59.1
2015,Almeirim,61.5
2015,Alpiarça,75.2
2015,Benavente,43.2
2015,Cartaxo,70.2
2015,Chamusca,38.6
2015,Coruche,96.7
2015,Golegã,53.0
2015,Rio Maior,124.6
2015,Salvaterra de Magos,122.2
2015,Santarém,173.7
2015,Albufeira,117.7
2015,Alcoutim,22.4
2015,Aljezur,
2015,Castro Marim,
2015,Faro,174.6
2015,Lagoa,55.0
2015,Lagos,111.2
2015,Loulé,98.6
2015,Monchique,10.5
2015,Olhão,84.3
2015,Portimão,174.6
2015,São Brás de Alportel,82.5
2015,Silves,67.1
2015,Tavira,112.2
2015,Vila do Bispo,
2015,Vila Real de Santo António,118.0
2016,Arcos de Valdevez,121.2
2016,Caminha,115.9
2016,Melgaço,91.2
2016,Monção,127.6
2016,Paredes de Coura,90.7
2016,Ponte da Barca,109.7
2016,Ponte de Lima,98.0
2016,Valença,85.9
2016,Viana do Castelo,160.7
2016,Vila Nova de Cerveira,93.7
2016,Boticas,
2016,Chaves,159.8
2016,Montalegre,77.2
2016,Ribeira de Pena,88.3
2016,Valpaços,59.1
2016,Vila Pouca de Aguiar,76.9
2016,Arouca,84.7
2016,Espinho,227.1
2016,Santa Maria da Feira,90.9
2016,Oliveira de Azeméis,79.0
2016,São João da Madeira,317.2
2016,Vale de Cambra,86.0
2016,Gondomar,78.9
2016,Maia,76.9
2016,Matosinhos,86.2
2016,Paredes,70.2
2016,Porto,364.1
2016,Póvoa de Varzim,112.3
2016,Santo Tirso,143.0
2016,Valongo,78.5
2016,Vila do Conde,73.3
2016,Vila Nova de Gaia,86.5
2016,Trofa,79.4
2016,Mondim de Basto,79.1
2016,Cabeceiras de Basto,87.2
2016,Fafe,98.3
2016,Guimarães,93.5
2016,Póvoa de Lanhoso,95.6
2016,Vieira do Minho,67.2
2016,Vila Nova de Famalicão,116.2
2016,Vizela,88.6
2016,Amares,67.3
2016,Barcelos,86.1
2016,Braga,146.3
2016,Esposende,92.8
2016,Terras de Bouro,38.5
2016,Vila Verde,97.2
2016,Alijó,74.9
2016,Mesão Frio,115.2
2016,Murça,159.0
2016,Peso da Régua,137.5
2016,Sabrosa,85.6
2016,Santa Marta de Penaguião,
2016,Vila Real,154.6
2016,Armamar,61.8
2016,Lamego,144.0
2016,Moimenta da Beira,160.2
2016,Penedono,
2016,São João da Pesqueira,78.3
2016,Sernancelhe,121.8
2016,Tabuaço,51.6
2016,Tarouca,63.2
2016,Carrazeda de Ansiães,100.6
2016,Freixo de Espada à Cinta,9.3
2016,Torre de Moncorvo,71.8
2016,Vila Nova de Foz Côa,81.4
2016,Castelo de Paiva,79.6
2016,Amarante,135.5
2016,Baião,78.4
2016,Felgueiras,98.5
2016,Lousada,83.4
2016,Marco de Canaveses,82.3
2016,Paços de Ferreira,79.6
2016,Penafiel,79.9
2016,Cinfães,108.2
2016,Resende,99.8
2016,Celorico de Basto,72.3
2016,Alfândega da Fé,98.3
2016,Bragança,166.4
2016,Macedo de Cavaleiros,95.9
2016,Miranda do Douro,75.4
2016,Mirandela,142.4
2016,Mogadouro,99.5
2016,Vila Flor,69.1
2016,Vimioso,
2016,Vinhais,69.7
2016,Castelo Branco,141.9
2016,Idanha-a-Nova,124.2
2016,Oleiros,89.6
2016,Penamacor,80.8
2016,Proença-a-Nova,84.8
2016,Vila Velha de Ródão,
2016,Belmonte,38.6
2016,Covilhã,124.3
2016,Fundão,113.2
2016,Almeida,97.6
2016,Celorico da Beira,78.9
2016,Figueira de Castelo Rodrigo,59.5
2016,Fornos de Algodres,90.4
2016,Gouveia,119.1
2016,Guarda,161.5
2016,Manteigas,103.7
2016,Meda,71.8
2016,Pinhel,90.7
2016,Sabugal,90.8
2016,Seia,131.3
2016,Trancoso,139.8
2016,Abrantes,116.8
2016,Alcanena,76.1
2016,Constância,77.5
2016,Entroncamento,161.8
2016,Ferreira do Zêzere,46.2
2016,Mação,105.5
2016,Sardoal,98.4
2016,Tomar,155.7
2016,Torres Novas,102.5
2016,Vila Nova da Barquinha,48.0
2016,Ourém,147.4
2016,Sertã,129.9
2016,Vila de Rei,53.7
2016,Alcobaça,91.3
2016,Bombarral,88.9
2016,Caldas da Rainha,148.9
2016,Nazaré,88.7
2016,Óbidos,43.8
2016,Peniche,68.7
2016,Alenquer,78.2
2016,Arruda dos Vinhos,126.3
2016,Cadaval,43.3
2016,Lourinhã,72.3
2016,Sobral de Monte Agraço,49.2
2016,Torres Vedras,127.0
2016,Águeda,122.8
2016,Albergaria-a-Velha,101.6
2016,Anadia,103.9
2016,Aveiro,203.2
2016,Estarreja,88.2
2016,Ílhavo,50.0
2016,Murtosa,15.8
2016,Oliveira do Bairro,81.6
2016,Ovar,78.1
2016,Sever do Vouga,93.6
2016,Vagos,121.1
2016,Mealhada,87.8
2016,Mortágua,130.1
2016,Arganil,184.2
2016,Cantanhede,103.5
2016,Coimbra,191.8
2016,Condeixa-a-Nova,51.3
2016,Figueira da Foz,107.7
2016,Góis,
2016,Lousã,69.4
2016,Mira,65.4
2016,Miranda do Corvo,53.9
2016,Montemor-o-Velho,63.7
2016,Oliveira do Hospital,111.7
2016,Pampilhosa da Serra,25.0
2016,Penacova,71.4
2016,Penela,32.9
2016,Soure,81.8
2016,Tábua,74.7
2016,Vila Nova de Poiares,67.8
2016,Alvaiázere,70.9
2016,Ansião,137.8
2016,Batalha,77.1
2016,Castanheira de Pêra,
2016,Figueiró dos Vinhos,138.5
2016,Leiria,110.6
2016,Marinha Grande,136.6
2016,Pedrógão Grande,191.3
2016,Pombal,108.3
2016,Porto de Mós,83.8
2016,Carregal do Sal,67.9
2016,Castro Daire,97.2
2016,Mangualde,91.0
2016,Nelas,87.1
2016,Oliveira de Frades,77.1
2016,Penalva do Castelo,80.9
2016,Santa Comba Dão,84.5
2016,São Pedro do Sul,112.9
2016,Sátão,78.9
2016,Tondela,116.8
2016,Vila Nova de Paiva,74.2
2016,Viseu,138.4
2016,Vouzela,128.9
2016,Aguiar da Beira,62.8
2016,Cascais,106.3
2016,Lisboa,281.4
2016,Loures,66.0
2016,Mafra,77.1
2016,Oeiras,106.6
2016,Sintra,83.2
2016,Vila Franca de Xira,105.6
2016,Amadora,141.3
2016,Odivelas,99.2
2016,Alcochete,93.1
2016,Almada,116.3
2016,Barreiro,140.0
2016,Moita,71.4
2016,Montijo,79.8
2016,Palmela,72.9
2016,Seixal,107.0
2016,Sesimbra,73.9
2016,Setúbal,129.5
2016,Alandroal,9.7
2016,Arraiolos,76.1
2016,Borba,5.3
2016,Estremoz,144.1
2016,Évora,187.2
2016,Montemor-o-Novo,91.4
2016,Mora,53.2
2016,Mourão,
2016,Portel,14.3
2016,Redondo,72.6
2016,Reguengos de Monsaraz,114.3
2016,Vendas Novas,117.4
2016,Viana do Alentejo,81.0
2016,Vila Viçosa,203.0
2016,Alcácer do Sal,70.6
2016,Grândola,115.5
2016,Santiago do Cacém,103.6
2016,Sines,124.7
2016,Odemira,140.1
2016,Alter do Chão,119.3
2016,Arronches,
2016,Avis,130.9
2016,Campo Maior,84.3
2016,Castelo de Vide,21.3
2016,Crato,126.7
2016,Elvas,109.0
2016,Fronteira,26.5
2016,Gavião,52.8
2016,Marvão,
2016,Monforte,
2016,Nisa,68.2
2016,Ponte de Sor,123.4
2016,Portalegre,216.9
2016,Sousel,28.2
2016,Aljustrel,133.8
2016,Almodôvar,108.8
2016,Alvito,269.2
2016,Barrancos,
2016,Beja,174.7
2016,Castro Verde,92.5
2016,Cuba,81.0
2016,Ferreira do Alentejo,43.7
2016,Mértola,159.0
2016,Moura,104.8
2016,Ourique,60.4
2016,Serpa,100.0
2016,Vidigueira,104.8
2016,Azambuja,70.9
2016,Almeirim,61.7
2016,Alpiarça,63.5
2016,Benavente,45.2
2016,Cartaxo,69.4
2016,Chamusca,50.4
2016,Coruche,91.6
2016,Golegã,57.0
2016,Rio Maior,125.2
2016,Salvaterra de Magos,126.0
2016,Santarém,157.7
2016,Albufeira,106.6
2016,Alcoutim,10.9
2016,Aljezur,
2016,Castro Marim,
2016,Faro,164.0
2016,Lagoa,51.0
2016,Lagos,113.8
2016,Loulé,93.9
2016,Monchique,20.5
2016,Olhão,80.3
2016,Portimão,167.4
2016,São Brás de Alportel,72.9
2016,Silves,65.4
2016,Tavira,105.2
2016,Vila do Bispo,
2016,Vila Real de Santo António,128.2
2017,Arcos de Valdevez,124.4
2017,Caminha,84.9
2017,Melgaço,90.8
2017,Monção,129.7
2017,Paredes de Coura,94.0
2017,Ponte da Barca,111.1
2017,Ponte de Lima,100.3
2017,Valença,79.4
2017,Viana do Castelo,175.4
2017,Vila Nova de Cerveira,87.7
2017,Boticas,7.9
2017,Chaves,156.3
2017,Montalegre,84.7
2017,Ribeira de Pena,84.4
2017,Valpaços,62.9
2017,Vila Pouca de Aguiar,94.2
2017,Arouca,86.1
2017,Espinho,219.5
2017,Santa Maria da Feira,95.2
2017,Oliveira de Azeméis,89.1
2017,São João da Madeira,297.8
2017,Vale de Cambra,95.0
2017,Gondomar,78.3
2017,Maia,78.7
2017,Matosinhos,88.1
2017,Paredes,67.5
2017,Porto,369.8
2017,Póvoa de Varzim,114.2
2017,Santo Tirso,143.6
2017,Valongo,81.2
2017,Vila do Conde,76.7
2017,Vila Nova de Gaia,94.2
2017,Trofa,83.9
2017,Mondim de Basto,80.0
2017,Cabeceiras de Basto,102.1
2017,Fafe,100.3
2017,Guimarães,98.0
2017,Póvoa de Lanhoso,100.8
2017,Vieira do Minho,69.9
2017,Vila Nova de Famalicão,122.6
2017,Vizela,89.1
2017,Amares,70.8
2017,Barcelos,88.9
2017,Braga,155.1
2017,Esposende,96.1
2017,Terras de Bouro,43.8
2017,Vila Verde,101.0
2017,Alijó,70.8
2017,Mesão Frio,123.6
2017,Murça,158.2
2017,Peso da Régua,156.3
2017,Sabrosa,75.7
2017,Santa Marta de Penaguião,
2017,Vila Real,153.1
2017,Armamar,77.5
2017,Lamego,148.0
2017,Moimenta da Beira,170.8
2017,Penedono,
2017,São João da Pesqueira,92.2
2017,Sernancelhe,109.7
2017,Tabuaço,50.7
2017,Tarouca,62.4
2017,Carrazeda de Ansiães,86.2
2017,Freixo de Espada à Cinta,
2017,Torre de Moncorvo,72.0
2017,Vila Nova de Foz Côa,57.7
2017,Castelo de Paiva,80.5
2017,Amarante,138.9
2017,Baião,89.6
2017,Felgueiras,103.9
2017,Lousada,85.6
2017,Marco de Canaveses,85.9
2017,Paços de Ferreira,81.7
2017,Penafiel,88.6
2017,Cinfães,107.4
2017,Resende,96.3
2017,Celorico de Basto,79.3
2017,Alfândega da Fé,77.4
2017,Bragança,198.2
2017,Macedo de Cavaleiros,110.2
2017,Miranda do Douro,73.0
2017,Mirandela,158.7
2017,Mogadouro,105.0
2017,Vila Flor,95.2
2017,Vimioso,
2017,Vinhais,67.1
2017,Castelo Branco,136.0
2017,Idanha-a-Nova,143.6
2017,Oleiros,93.6
2017,Penamacor,76.3
2017,Proença-a-Nova,87.5
2017,Vila Velha de Ródão,
2017,Belmonte,36.8
2017,Covilhã,133.5
2017,Fundão,126.7
2017,Almeida,122.4
2017,Celorico da Beira,71.6
2017,Figueira de Castelo Rodrigo,80.0
2017,Fornos de Algodres,86.4
2017,Gouveia,133.5
2017,Guarda,153.5
2017,Manteigas,95.8
2017,Meda,84.0
2017,Pinhel,97.4
2017,Sabugal,79.4
2017,Seia,133.4
2017,Trancoso,152.0
2017,Abrantes,102.3
2017,Alcanena,108.3
2017,Constância,103.7
2017,Entroncamento,163.4
2017,Ferreira do Zêzere,47.6
2017,Mação,121.8
2017,Sardoal,99.1
2017,Tomar,164.1
2017,Torres Novas,111.1
2017,Vila Nova da Barquinha,55.4
2017,Ourém,154.9
2017,Sertã,140.2
2017,Vila de Rei,48.1
2017,Alcobaça,90.4
2017,Bombarral,101.1
2017,Caldas da Rainha,161.4
2017,Nazaré,94.2
2017,Óbidos,40.6
2017,Peniche,70.8
2017,Alenquer,89.7
2017,Arruda dos Vinhos,124.6
2017,Cadaval,50.5
2017,Lourinhã,73.8
2017,Sobral de Monte Agraço,53.6
2017,Torres Vedras,129.8
2017,Águeda,130.4
2017,Albergaria-a-Velha,111.0
2017,Anadia,111.4
2017,Aveiro,207.2
2017,Estarreja,96.3
2017,Ílhavo,54.4
2017,Murtosa,15.2
2017,Oliveira do Bairro,79.5
2017,Ovar,79.5
2017,Sever do Vouga,101.3
2017,Vagos,112.9
2017,Mealhada,92.4
2017,Mortágua,95.5
2017,Arganil,170.4
2017,Cantanhede,103.1
2017,Coimbra,192.7
2017,Condeixa-a-Nova,52.2
2017,Figueira da Foz,117.4
2017,Góis,
2017,Lousã,78.5
2017,Mira,67.8
2017,Miranda do Corvo,53.7
2017,Montemor-o-Velho,64.3
2017,Oliveira do Hospital,113.2
2017,Pampilhosa da Serra,28.7
2017,Penacova,98.4
2017,Penela,20.8
2017,Soure,89.1
2017,Tábua,86.4
2017,Vila Nova de Poiares,87.6
2017,Alvaiázere,76.1
2017,Ansião,170.4
2017,Batalha,79.8
2017,Castanheira de Pêra,
2017,Figueiró dos Vinhos,95.8
2017,Leiria,113.3
2017,Marinha Grande,133.9
2017,Pedrógão Grande,168.5
2017,Pombal,121.3
2017,Porto de Mós,83.9
2017,Carregal do Sal,71.4
2017,Castro Daire,99.6
2017,Mangualde,92.6
2017,Nelas,86.9
2017,Oliveira de Frades,83.0
2017,Penalva do Castelo,85.8
2017,Santa Comba Dão,78.3
2017,São Pedro do Sul,106.2
2017,Sátão,76.4
2017,Tondela,124.0
2017,Vila Nova de Paiva,71.4
2017,Viseu,141.0
2017,Vouzela,129.1
2017,Aguiar da Beira,74.7
2017,Cascais,112.3
2017,Lisboa,275.1
2017,Loures,67.2
2017,Mafra,80.2
2017,Oeiras,112.2
2017,Sintra,86.7
2017,Vila Franca de Xira,108.6
2017,Amadora,141.1
2017,Odivelas,101.7
2017,Alcochete,92.4
2017,Almada,122.7
2017,Barreiro,142.3
2017,Moita,76.0
2017,Montijo,90.4
2017,Palmela,79.2
2017,Seixal,110.2
2017,Sesimbra,80.5
2017,Setúbal,131.7
2017,Alandroal,
2017,Arraiolos,83.3
2017,Borba,
2017,Estremoz,151.1
2017,Évora,192.1
2017,Montemor-o-Novo,93.8
2017,Mora,62.4
2017,Mourão,
2017,Portel,8.5
2017,Redondo,70.2
2017,Reguengos de Monsaraz,137.6
2017,Vendas Novas,115.5
2017,Viana do Alentejo,76.1
2017,Vila Viçosa,198.2
2017,Alcácer do Sal,80.7
2017,Grândola,127.4
2017,Santiago do Cacém,108.9
2017,Sines,139.7
2017,Odemira,136.1
2017,Alter do Chão,170.4
2017,Arronches,10.0
2017,Avis,80.2
2017,Campo Maior,137.1
2017,Castelo de Vide,30.1
2017,Crato,195.6
2017,Elvas,118.8
2017,Fronteira,34.7
2017,Gavião,26.9
2017,Marvão,
2017,Monforte,
2017,Nisa,63.8
2017,Ponte de Sor,124.9
2017,Portalegre,231.0
2017,Sousel,55.1
2017,Aljustrel,157.1
2017,Almodôvar,117.1
2017,Alvito,344.8
2017,Barrancos,
2017,Beja,168.1
2017,Castro Verde,103.4
2017,Cuba,82.2
2017,Ferreira do Alentejo,44.4
2017,Mértola,161.7
2017,Moura,99.2
2017,Ourique,59.8
2017,Serpa,113.2
2017,Vidigueira,100.0
2017,Azambuja,85.8
2017,Almeirim,61.1
2017,Alpiarça,74.3
2017,Benavente,46.0
2017,Cartaxo,69.7
2017,Chamusca,51.5
2017,Coruche,103.9
2017,Golegã,62.2
2017,Rio Maior,133.7
2017,Salvaterra de Magos,153.6
2017,Santarém,165.4
2017,Albufeira,113.4
2017,Alcoutim,
2017,Aljezur,
2017,Castro Marim,
2017,Faro,163.4
2017,Lagoa,49.6
2017,Lagos,111.1
2017,Loulé,98.8
2017,Monchique,
2017,Olhão,77.8
2017,Portimão,177.7
2017,São Brás de Alportel,69.4
2017,Silves,75.8
2017,Tavira,103.9
2017,Vila do Bispo,
2017,Vila Real de Santo António,125.2
2018,Arcos de Valdevez,128.7
2018,Caminha,95.6
2018,Melgaço,98.0
2018,Monção,145.5
2018,Paredes de Coura,103.3
2018,Ponte da Barca,113.6
2018,Ponte de Lima,107.6
2018,Valença,88.3
2018,Viana do Castelo,169.5
2018,Vila Nova de Cerveira,78.3
2018,Boticas,
2018,Chaves,162.7
2018,Montalegre,88.4
2018,Ribeira de Pena,84.3
2018,Valpaços,71.8
2018,Vila Pouca de Aguiar,78.6
2018,Arouca,99.7
2018,Espinho,217.9
2018,Santa Maria da Feira,91.1
2018,Oliveira de Azeméis,94.2
2018,São João da Madeira,280.9
2018,Vale de Cambra,97.2
2018,Gondomar,79.9
2018,Maia,72.5
2018,Matosinhos,96.2
2018,Paredes,68.4
2018,Porto,380.1
2018,Póvoa de Varzim,119.8
2018,Santo Tirso,145.8
2018,Valongo,81.8
2018,Vila do Conde,76.0
2018,Vila Nova de Gaia,104.3
2018,Trofa,91.8
2018,Mondim de Basto,77.6
2018,Cabeceiras de Basto,102.3
2018,Fafe,104.6
2018,Guimarães,104.7
2018,Póvoa de Lanhoso,101.7
2018,Vieira do Minho,85.0
2018,Vila Nova de Famalicão,119.1
2018,Vizela,87.4
2018,Amares,72.5
2018,Barcelos,92.7
2018,Braga,155.2
2018,Esposende,92.8
2018,Terras de Bouro,53.4
2018,Vila Verde,94.1
2018,Alijó,67.7
2018,Mesão Frio,95.7
2018,Murça,116.5
2018,Peso da Régua,170.9
2018,Sabrosa,73.9
2018,Santa Marta de Penaguião,
2018,Vila Real,161.9
2018,Armamar,70.0
2018,Lamego,149.3
2018,Moimenta da Beira,165.2
2018,Penedono,
2018,São João da Pesqueira,127.1
2018,Sernancelhe,105.7
2018,Tabuaço,46.3
2018,Tarouca,54.2
2018,Carrazeda de Ansiães,81.9
2018,Freixo de Espada à Cinta,16.1
2018,Torre de Moncorvo,80.1
2018,Vila Nova de Foz Côa,67.4
2018,Castelo de Paiva,94.5
2018,Amarante,127.0
2018,Baião,85.2
2018,Felgueiras,110.8
2018,Lousada,89.3
2018,Marco de Canaveses,87.7
2018,Paços de Ferreira,84.4
2018,Penafiel,94.5
2018,Cinfães,97.0
2018,Resende,95.7
2018,Celorico de Basto,80.9
2018,Alfândega da Fé,108.5
2018,Bragança,184.4
2018,Macedo de Cavaleiros,129.0
2018,Miranda do Douro,109.6
2018,Mirandela,157.3
2018,Mogadouro,108.4
2018,Vila Flor,85.5
2018,Vimioso,
2018,Vinhais,92.2
2018,Castelo Branco,129.9
2018,Idanha-a-Nova,140.1
2018,Oleiros,101.0
2018,Penamacor,74.1
2018,Proença-a-Nova,89.6
2018,Vila Velha de Ródão,
2018,Belmonte,45.9
2018,Covilhã,136.9
2018,Fundão,113.8
2018,Almeida,103.0
2018,Celorico da Beira,64.9
2018,Figueira de Castelo Rodrigo,59.7
2018,Fornos de Algodres,117.5
2018,Gouveia,139.9
2018,Guarda,146.1
2018,Manteigas,137.5
2018,Meda,52.8
2018,Pinhel,86.5
2018,Sabugal,83.9
2018,Seia,122.8
2018,Trancoso,175.9
2018,Abrantes,119.0
2018,Alcanena,89.3
2018,Constância,100.0
2018,Entroncamento,135.6
2018,Ferreira do Zêzere,47.6
2018,Mação,122.8
2018,Sardoal,124.4
2018,Tomar,173.3
2018,Torres Novas,129.9
2018,Vila Nova da Barquinha,60.1
2018,Ourém,156.0
2018,Sertã,125.8
2018,Vila de Rei,65.9
2018,Alcobaça,101.8
2018,Bombarral,83.9
2018,Caldas da Rainha,171.3
2018,Nazaré,114.8
2018,Óbidos,42.2
2018,Peniche,80.2
2018,Alenquer,95.4
2018,Arruda dos Vinhos,125.3
2018,Cadaval,46.3
2018,Lourinhã,69.0
2018,Sobral de Monte Agraço,61.2
2018,Torres Vedras,130.3
2018,Águeda,134.5
2018,Albergaria-a-Velha,116.5
2018,Anadia,134.2
2018,Aveiro,199.1
2018,Estarreja,101.9
2018,Ílhavo,55.3
2018,Murtosa,19.9
2018,Oliveira do Bairro,67.8
2018,Ovar,82.0
2018,Sever do Vouga,187.1
2018,Vagos,101.6
2018,Mealhada,94.0
2018,Mortágua,100.4
2018,Arganil,219.7
2018,Cantanhede,109.9
2018,Coimbra,202.3
2018,Condeixa-a-Nova,56.8
2018,Figueira da Foz,126.8
2018,Góis,
2018,Lousã,98.5
2018,Mira,67.8
2018,Miranda do Corvo,54.2
2018,Montemor-o-Velho,69.2
2018,Oliveira do Hospital,131.3
2018,Pampilhosa da Serra,28.0
2018,Penacova,108.0
2018,Penela,18.9
2018,Soure,110.2
2018,Tábua,89.5
2018,Vila Nova de Poiares,105.6
2018,Alvaiázere,91.8
2018,Ansião,168.8
2018,Batalha,78.4
2018,Castanheira de Pêra,
2018,Figueiró dos Vinhos,104.2
2018,Leiria,118.8
2018,Marinha Grande,147.0
2018,Pedrógão Grande,153.8
2018,Pombal,126.3
2018,Porto de Mós,74.3
2018,Carregal do Sal,81.1
2018,Castro Daire,113.6
2018,Mangualde,95.9
2018,Nelas,82.7
2018,Oliveira de Frades,94.8
2018,Penalva do Castelo,96.3
2018,Santa Comba Dão,92.3
2018,São Pedro do Sul,130.2
2018,Sátão,83.6
2018,Tondela,133.7
2018,Vila Nova de Paiva,66.9
2018,Viseu,144.2
2018,Vouzela,124.8
2018,Aguiar da Beira,103.2
2018,Cascais,119.0
2018,Lisboa,263.8
2018,Loures,73.3
2018,Mafra,85.9
2018,Oeiras,108.6
2018,Sintra,90.4
2018,Vila Franca de Xira,111.7
2018,Amadora,134.3
2018,Odivelas,101.2
2018,Alcochete,85.8
2018,Almada,122.6
2018,Barreiro,141.7
2018,Moita,83.2
2018,Montijo,91.0
2018,Palmela,81.9
2018,Seixal,116.0
2018,Sesimbra,80.3
2018,Setúbal,131.6
2018,Alandroal,7.1
2018,Arraiolos,69.6
2018,Borba,
2018,Estremoz,172.5
2018,Évora,203.9
2018,Montemor-o-Novo,91.5
2018,Mora,73.8
2018,Mourão,
2018,Portel,13.3
2018,Redondo,64.9
2018,Reguengos de Monsaraz,127.0
2018,Vendas Novas,116.6
2018,Viana do Alentejo,88.5
2018,Vila Viçosa,180.2
2018,Alcácer do Sal,81.4
2018,Grândola,107.2
2018,Santiago do Cacém,109.7
2018,Sines,157.2
2018,Odemira,137.6
2018,Alter do Chão,196.6
2018,Arronches,9.5
2018,Avis,31.8
2018,Campo Maior,122.8
2018,Castelo de Vide,24.7
2018,Crato,177.3
2018,Elvas,119.5
2018,Fronteira,32.4
2018,Gavião,28.9
2018,Marvão,
2018,Monforte,
2018,Nisa,74.5
2018,Ponte de Sor,129.6
2018,Portalegre,241.1
2018,Sousel,72.6
2018,Aljustrel,195.0
2018,Almodôvar,165.7
2018,Alvito,308.5
2018,Barrancos,24.4
2018,Beja,162.7
2018,Castro Verde,100.4
2018,Cuba,57.1
2018,Ferreira do Alentejo,32.4
2018,Mértola,177.7
2018,Moura,107.1
2018,Ourique,77.4
2018,Serpa,120.4
2018,Vidigueira,84.4
2018,Azambuja,92.8
2018,Almeirim,68.6
2018,Alpiarça,72.1
2018,Benavente,48.8
2018,Cartaxo,72.1
2018,Chamusca,57.6
2018,Coruche,97.6
2018,Golegã,76.4
2018,Rio Maior,136.8
2018,Salvaterra de Magos,151.9
2018,Santarém,168.3
2018,Albufeira,108.1
2018,Alcoutim,
2018,Aljezur,
2018,Castro Marim,
2018,Faro,168.7
2018,Lagoa,43.8
2018,Lagos,118.7
2018,Loulé,107.3
2018,Monchique,12.8
2018,Olhão,84.6
2018,Portimão,171.5
2018,São Brás de Alportel,94.2
2018,Silves,87.8
2018,Tavira,108.6
2018,Vila do Bispo,
2018,Vila Real de Santo António,150.7
2019,Arcos de Valdevez,119.3
2019,Caminha,103.4
2019,Melgaço,96.0
2019,Monção,152.7
2019,Paredes de Coura,108.2
2019,Ponte da Barca,109.9
2019,Ponte de Lima,108.9
2019,Valença,69.5
2019,Viana do Castelo,171.6
2019,Vila Nova de Cerveira,71.2
2019,Boticas,
2019,Chaves,147.0
2019,Montalegre,93.3
2019,Ribeira de Pena,91.4
2019,Valpaços,63.9
2019,Vila Pouca de Aguiar,86.8
2019,Arouca,111.6
2019,Espinho,225.4
2019,Santa Maria da Feira,86.0
2019,Oliveira de Azeméis,99.6
2019,São João da Madeira,279.8
2019,Vale de Cambra,99.0
2019,Gondomar,81.8
2019,Maia,74.4
2019,Matosinhos,102.5
2019,Paredes,71.8
2019,Porto,373.7
2019,Póvoa de Varzim,121.7
2019,Santo Tirso,148.1
2019,Valongo,80.4
2019,Vila do Conde,79.4
2019,Vila Nova de Gaia,112.9
2019,Trofa,97.1
2019,Mondim de Basto,83.6
2019,Cabeceiras de Basto,100.0
2019,Fafe,108.7
2019,Guimarães,108.9
2019,Póvoa de Lanhoso,101.8
2019,Vieira do Minho,83.0
2019,Vila Nova de Famalicão,112.0
2019,Vizela,105.4
2019,Amares,73.1
2019,Barcelos,97.8
2019,Braga,160.0
2019,Esposende,92.1
2019,Terras de Bouro,47.9
2019,Vila Verde,107.3
2019,Alijó,67.8
2019,Mesão Frio,94.4
2019,Murça,145.3
2019,Peso da Régua,168.6
2019,Sabrosa,79.3
2019,Santa Marta de Penaguião,
2019,Vila Real,157.5
2019,Armamar,79.4
2019,Lamego,152.8
2019,Moimenta da Beira,145.9
2019,Penedono,
2019,São João da Pesqueira,122.0
2019,Sernancelhe,100.6
2019,Tabuaço,53.8
2019,Tarouca,60.8
2019,Carrazeda de Ansiães,86.8
2019,Freixo de Espada à Cinta,12.0
2019,Torre de Moncorvo,90.3
2019,Vila Nova de Foz Côa,64.6
2019,Castelo de Paiva,100.7
2019,Amarante,129.4
2019,Baião,82.6
2019,Felgueiras,113.3
2019,Lousada,90.3
2019,Marco de Canaveses,90.5
2019,Paços de Ferreira,95.2
2019,Penafiel,111.8
2019,Cinfães,96.0
2019,Resende,110.0
2019,Celorico de Basto,91.4
2019,Alfândega da Fé,94.9
2019,Bragança,192.5
2019,Macedo de Cavaleiros,114.2
2019,Miranda do Douro,91.3
2019,Mirandela,146.6
2019,Mogadouro,144.7
2019,Vila Flor,84.4
2019,Vimioso,
2019,Vinhais,76.4
2019,Castelo Branco,131.5
2019,Idanha-a-Nova,135.3
2019,Oleiros,104.1
2019,Penamacor,72.2
2019,Proença-a-Nova,84.4
2019,Vila Velha de Ródão,
2019,Belmonte,45.5
2019,Covilhã,144.3
2019,Fundão,115.4
2019,Almeida,109.4
2019,Celorico da Beira,70.7
2019,Figueira de Castelo Rodrigo,55.0
2019,Fornos de Algodres,161.5
2019,Gouveia,141.5
2019,Guarda,156.3
2019,Manteigas,120.0
2019,Meda,60.0
2019,Pinhel,95.3
2019,Sabugal,81.6
2019,Seia,134.5
2019,Trancoso,218.8
2019,Abrantes,120.3
2019,Alcanena,105.4
2019,Constância,104.4
2019,Entroncamento,137.7
2019,Ferreira do Zêzere,47.1
2019,Mação,128.8
2019,Sardoal,98.8
2019,Tomar,172.7
2019,Torres Novas,120.7
2019,Vila Nova da Barquinha,61.9
2019,Ourém,150.1
2019,Sertã,135.9
2019,Vila de Rei,94.2
2019,Alcobaça,115.4
2019,Bombarral,97.4
2019,Caldas da Rainha,182.9
2019,Nazaré,97.2
2019,Óbidos,47.5
2019,Peniche,87.3
2019,Alenquer,88.1
2019,Arruda dos Vinhos,128.5
2019,Cadaval,42.1
2019,Lourinhã,74.2
2019,Sobral de Monte Agraço,69.0
2019,Torres Vedras,138.2
2019,Águeda,144.1
2019,Albergaria-a-Velha,128.7
2019,Anadia,144.3
2019,Aveiro,203.2
2019,Estarreja,94.1
2019,Ílhavo,65.2
2019,Murtosa,24.6
2019,Oliveira do Bairro,78.8
2019,Ovar,94.6
2019,Sever do Vouga,201.5
2019,Vagos,101.9
2019,Mealhada,95.1
2019,Mortágua,91.6
2019,Arganil,250.0
2019,Cantanhede,109.8
2019,Coimbra,201.0
2019,Condeixa-a-Nova,53.2
2019,Figueira da Foz,128.9
2019,Góis,
2019,Lousã,98.5
2019,Mira,76.3
2019,Miranda do Corvo,68.3
2019,Montemor-o-Velho,71.6
2019,Oliveira do Hospital,129.0
2019,Pampilhosa da Serra,30.6
2019,Penacova,115.5
2019,Penela,28.6
2019,Soure,97.0
2019,Tábua,92.2
2019,Vila Nova de Poiares,105.9
2019,Alvaiázere,125.2
2019,Ansião,178.2
2019,Batalha,76.7
2019,Castanheira de Pêra,
2019,Figueiró dos Vinhos,108.9
2019,Leiria,121.4
2019,Marinha Grande,139.5
2019,Pedrógão Grande,153.9
2019,Pombal,126.4
2019,Porto de Mós,87.8
2019,Carregal do Sal,74.2
2019,Castro Daire,106.7
2019,Mangualde,117.8
2019,Nelas,85.3
2019,Oliveira de Frades,88.8
2019,Penalva do Castelo,98.3
2019,Santa Comba Dão,89.4
2019,São Pedro do Sul,109.2
2019,Sátão,84.2
2019,Tondela,137.2
2019,Vila Nova de Paiva,83.4
2019,Viseu,154.5
2019,Vouzela,128.9
2019,Aguiar da Beira,161.0
2019,Cascais,125.3
2019,Lisboa,253.2
2019,Loures,72.7
2019,Mafra,93.3
2019,Oeiras,108.4
2019,Sintra,90.9
2019,Vila Franca de Xira,115.0
2019,Amadora,133.3
2019,Odivelas,101.1
2019,Alcochete,100.8
2019,Almada,130.5
2019,Barreiro,150.6
2019,Moita,91.5
2019,Montijo,100.5
2019,Palmela,85.2
2019,Seixal,122.8
2019,Sesimbra,83.4
2019,Setúbal,136.4
2019,Alandroal,
2019,Arraiolos,76.0
2019,Borba,
2019,Estremoz,186.7
2019,Évora,190.4
2019,Montemor-o-Novo,86.6
2019,Mora,63.6
2019,Mourão,
2019,Portel,10.3
2019,Redondo,64.4
2019,Reguengos de Monsaraz,112.8
2019,Vendas Novas,133.4
2019,Viana do Alentejo,95.9
2019,Vila Viçosa,172.9
2019,Alcácer do Sal,80.4
2019,Grândola,108.1
2019,Santiago do Cacém,111.4
2019,Sines,153.9
2019,Odemira,121.3
2019,Alter do Chão,235.4
2019,Arronches,20.8
2019,Avis,15.7
2019,Campo Maior,131.6
2019,Castelo de Vide,26.2
2019,Crato,146.7
2019,Elvas,132.3
2019,Fronteira,43.3
2019,Gavião,
2019,Marvão,
2019,Monforte,
2019,Nisa,80.3
2019,Ponte de Sor,125.9
2019,Portalegre,239.4
2019,Sousel,78.2
2019,Aljustrel,169.3
2019,Almodôvar,145.3
2019,Alvito,326.5
2019,Barrancos,47.6
2019,Beja,159.4
2019,Castro Verde,92.1
2019,Cuba,79.0
2019,Ferreira do Alentejo,48.9
2019,Mértola,141.9
2019,Moura,108.6
2019,Ourique,93.0
2019,Serpa,111.4
2019,Vidigueira,85.2
2019,Azambuja,93.7
2019,Almeirim,68.8
2019,Alpiarça,75.4
2019,Benavente,49.9
2019,Cartaxo,70.8
2019,Chamusca,58.9
2019,Coruche,100.2
2019,Golegã,69.5
2019,Rio Maior,140.6
2019,Salvaterra de Magos,157.8
2019,Santarém,173.8
2019,Albufeira,120.0
2019,Alcoutim,
2019,Aljezur,
2019,Castro Marim,
2019,Faro,165.6
2019,Lagoa,48.6
2019,Lagos,127.8
2019,Loulé,110.2
2019,Monchique,
2019,Olhão,88.2
2019,Portimão,169.2
2019,São Brás de Alportel,100.3
2019,Silves,91.0
2019,Tavira,119.1
2019,Vila do Bispo,
2019,Vila Real de Santo António,140.0
